ID;Class;Feature;Value
1;1;Alcohol;0,842105263157895
2;1;Alcohol;0,571052631578947
3;1;Alcohol;0,560526315789474
4;1;Alcohol;0,878947368421052
5;1;Alcohol;0,581578947368421
6;1;Alcohol;0,834210526315789
7;1;Alcohol;0,88421052631579
8;1;Alcohol;0,797368421052632
9;1;Alcohol;1
10;1;Alcohol;0,744736842105263
11;1;Alcohol;0,807894736842105
12;1;Alcohol;0,813157894736842
13;1;Alcohol;0,715789473684211
14;1;Alcohol;0,978947368421053
15;1;Alcohol;0,881578947368421
16;1;Alcohol;0,68421052631579
17;1;Alcohol;0,860526315789474
18;1;Alcohol;0,736842105263158
19;1;Alcohol;0,831578947368421
20;1;Alcohol;0,686842105263158
21;1;Alcohol;0,797368421052632
22;1;Alcohol;0,5
23;1;Alcohol;0,705263157894737
24;1;Alcohol;0,478947368421053
25;1;Alcohol;0,65
26;1;Alcohol;0,531578947368421
27;1;Alcohol;0,621052631578948
28;1;Alcohol;0,597368421052632
29;1;Alcohol;0,747368421052631
30;1;Alcohol;0,786842105263158
31;1;Alcohol;0,710526315789474
32;1;Alcohol;0,671052631578947
33;1;Alcohol;0,697368421052632
34;1;Alcohol;0,718421052631579
35;1;Alcohol;0,652631578947368
36;1;Alcohol;0,644736842105263
37;1;Alcohol;0,592105263157895
38;1;Alcohol;0,531578947368421
39;1;Alcohol;0,536842105263158
40;1;Alcohol;0,839473684210526
41;1;Alcohol;0,665789473684211
42;1;Alcohol;0,626315789473684
43;1;Alcohol;0,75
44;1;Alcohol;0,581578947368421
45;1;Alcohol;0,531578947368421
46;1;Alcohol;0,836842105263158
47;1;Alcohol;0,881578947368421
48;1;Alcohol;0,755263157894737
49;1;Alcohol;0,807894736842105
50;1;Alcohol;0,76578947368421
51;1;Alcohol;0,531578947368421
52;1;Alcohol;0,736842105263158
53;1;Alcohol;0,73421052631579
54;1;Alcohol;0,721052631578947
55;1;Alcohol;0,713157894736842
56;1;Alcohol;0,665789473684211
57;1;Alcohol;0,839473684210526
58;1;Alcohol;0,594736842105263
59;1;Alcohol;0,707894736842105
60;2;Alcohol;0,352631578947368
61;2;Alcohol;0,342105263157895
62;2;Alcohol;0,423684210526316
63;2;Alcohol;0,694736842105263
64;2;Alcohol;0,352631578947368
65;2;Alcohol;0,3
66;2;Alcohol;0,352631578947368
67;2;Alcohol;0,547368421052632
68;2;Alcohol;0,352631578947368
69;2;Alcohol;0,607894736842105
70;2;Alcohol;0,310526315789474
71;2;Alcohol;0,331578947368421
72;2;Alcohol;0,744736842105263
73;2;Alcohol;0,647368421052632
74;2;Alcohol;0,515789473684211
75;2;Alcohol;0,244736842105263
76;2;Alcohol;0,165789473684211
77;2;Alcohol;0,526315789473684
78;2;Alcohol;0,213157894736842
79;2;Alcohol;0,342105263157895
80;2;Alcohol;0,439473684210526
81;2;Alcohol;0,255263157894737
82;2;Alcohol;0,444736842105263
83;2;Alcohol;0,276315789473684
84;2;Alcohol;0,531578947368421
85;2;Alcohol;0,213157894736842
86;2;Alcohol;0,431578947368421
87;2;Alcohol;0,297368421052632
88;2;Alcohol;0,163157894736842
89;2;Alcohol;0,160526315789474
90;2;Alcohol;0,276315789473684
91;2;Alcohol;0,276315789473684
92;2;Alcohol;0,255263157894737
93;2;Alcohol;0,436842105263158
94;2;Alcohol;0,331578947368421
95;2;Alcohol;0,155263157894737
96;2;Alcohol;0,378947368421053
97;2;Alcohol;0,205263157894737
98;2;Alcohol;0,331578947368421
99;2;Alcohol;0,352631578947368
100;2;Alcohol;0,331578947368421
101;2;Alcohol;0,276315789473684
102;2;Alcohol;0,413157894736842
103;2;Alcohol;0,344736842105263
104;2;Alcohol;0,207894736842105
105;2;Alcohol;0,389473684210526
106;2;Alcohol;0,365789473684211
107;2;Alcohol;0,321052631578947
108;2;Alcohol;0,444736842105263
109;2;Alcohol;0,313157894736842
110;2;Alcohol;0,152631578947368
111;2;Alcohol;0,113157894736842
112;2;Alcohol;0,392105263157895
113;2;Alcohol;0,192105263157895
114;2;Alcohol;0,1
115;2;Alcohol;0,276315789473684
116;2;Alcohol;0
117;2;Alcohol;0,207894736842105
118;2;Alcohol;0,365789473684211
119;2;Alcohol;0,457894736842105
120;2;Alcohol;0,255263157894737
121;2;Alcohol;0,110526315789474
122;2;Alcohol;0,139473684210527
123;2;Alcohol;0,365789473684211
124;2;Alcohol;0,531578947368421
125;2;Alcohol;0,221052631578947
126;2;Alcohol;0,273684210526316
127;2;Alcohol;0,368421052631579
128;2;Alcohol;0,2
129;2;Alcohol;0,352631578947368
130;2;Alcohol;0,26578947368421
131;3;Alcohol;0,481578947368421
132;3;Alcohol;0,486842105263158
133;3;Alcohol;0,468421052631579
134;3;Alcohol;0,439473684210526
135;3;Alcohol;0,389473684210526
136;3;Alcohol;0,413157894736842
137;3;Alcohol;0,321052631578947
138;3;Alcohol;0,394736842105263
139;3;Alcohol;0,647368421052632
140;3;Alcohol;0,476315789473684
141;3;Alcohol;0,5
142;3;Alcohol;0,613157894736842
143;3;Alcohol;0,655263157894737
144;3;Alcohol;0,681578947368421
145;3;Alcohol;0,321052631578947
146;3;Alcohol;0,560526315789474
147;3;Alcohol;0,75
148;3;Alcohol;0,484210526315789
149;3;Alcohol;0,602631578947369
150;3;Alcohol;0,539473684210526
151;3;Alcohol;0,65
152;3;Alcohol;0,463157894736842
153;3;Alcohol;0,547368421052632
154;3;Alcohol;0,578947368421053
155;3;Alcohol;0,407894736842105
156;3;Alcohol;0,563157894736842
157;3;Alcohol;0,739473684210526
158;3;Alcohol;0,373684210526316
159;3;Alcohol;0,871052631578947
160;3;Alcohol;0,644736842105263
161;3;Alcohol;0,35
162;3;Alcohol;0,7
163;3;Alcohol;0,478947368421053
164;3;Alcohol;0,507894736842106
165;3;Alcohol;0,723684210526316
166;3;Alcohol;0,710526315789474
167;3;Alcohol;0,636842105263158
168;3;Alcohol;0,471052631578947
169;3;Alcohol;0,671052631578947
170;3;Alcohol;0,623684210526316
171;3;Alcohol;0,307894736842105
172;3;Alcohol;0,457894736842105
173;3;Alcohol;0,823684210526316
174;3;Alcohol;0,705263157894737
175;3;Alcohol;0,623684210526316
176;3;Alcohol;0,589473684210526
177;3;Alcohol;0,563157894736842
178;3;Alcohol;0,815789473684211
1;1;Malic acid;0,191699604743083
2;1;Malic acid;0,205533596837945
3;1;Malic acid;0,320158102766798
4;1;Malic acid;0,239130434782609
5;1;Malic acid;0,365612648221344
6;1;Malic acid;0,201581027667984
7;1;Malic acid;0,223320158102767
8;1;Malic acid;0,278656126482213
9;1;Malic acid;0,177865612648221
10;1;Malic acid;0,120553359683794
11;1;Malic acid;0,280632411067194
12;1;Malic acid;0,146245059288538
13;1;Malic acid;0,195652173913043
14;1;Malic acid;0,195652173913043
15;1;Malic acid;0,223320158102767
16;1;Malic acid;0,211462450592885
17;1;Malic acid;0,233201581027668
18;1;Malic acid;0,16403162055336
19;1;Malic acid;0,16798418972332
20;1;Malic acid;0,466403162055336
21;1;Malic acid;0,175889328063241
22;1;Malic acid;0,604743083003952
23;1;Malic acid;0,221343873517787
24;1;Malic acid;0,1699604743083
25;1;Malic acid;0,211462450592885
26;1;Malic acid;0,258893280632411
27;1;Malic acid;0,203557312252964
28;1;Malic acid;0,193675889328063
29;1;Malic acid;0,229249011857708
30;1;Malic acid;0,185770750988142
31;1;Malic acid;0,150197628458498
32;1;Malic acid;0,181818181818182
33;1;Malic acid;0,215415019762846
34;1;Malic acid;0,156126482213439
35;1;Malic acid;0,209486166007905
36;1;Malic acid;0,211462450592885
37;1;Malic acid;0,177865612648221
38;1;Malic acid;0,179841897233202
39;1;Malic acid;0,150197628458498
40;1;Malic acid;0,642292490118577
41;1;Malic acid;0,191699604743083
42;1;Malic acid;0,612648221343874
43;1;Malic acid;0,227272727272727
44;1;Malic acid;0,640316205533597
45;1;Malic acid;0,203557312252964
46;1;Malic acid;0,652173913043478
47;1;Malic acid;0,563241106719368
48;1;Malic acid;0,185770750988142
49;1;Malic acid;0,25296442687747
50;1;Malic acid;0,195652173913043
51;1;Malic acid;0,195652173913043
52;1;Malic acid;0,179841897233202
53;1;Malic acid;0,199604743083004
54;1;Malic acid;0,229249011857708
55;1;Malic acid;0,183794466403162
56;1;Malic acid;0,195652173913043
57;1;Malic acid;0,189723320158103
58;1;Malic acid;0,243083003952569
59;1;Malic acid;0,136363636363636
60;2;Malic acid;0,0395256916996048
61;2;Malic acid;0,0711462450592886
62;2;Malic acid;0,122529644268775
63;2;Malic acid;0,100790513833992
64;2;Malic acid;0,0770750988142292
65;2;Malic acid;0,140316205533597
66;2;Malic acid;0,0928853754940712
67;2;Malic acid;0,0533596837944664
68;2;Malic acid;0,0849802371541502
69;2;Malic acid;0,0395256916996048
70;2;Malic acid;0,0889328063241107
71;2;Malic acid;0,171936758893281
72;2;Malic acid;0,152173913043478
73;2;Malic acid;0,181818181818182
74;2;Malic acid;0,183794466403162
75;2;Malic acid;0,0691699604743083
76;2;Malic acid;0,225296442687747
77;2;Malic acid;0,0316205533596838
78;2;Malic acid;0,424901185770751
79;2;Malic acid;0,0494071146245059
80;2;Malic acid;0,618577075098814
81;2;Malic acid;0,0355731225296443
82;2;Malic acid;0,211462450592885
83;2;Malic acid;0,0770750988142292
84;2;Malic acid;0,616600790513834
85;2;Malic acid;0,0296442687747036
86;2;Malic acid;0,0474308300395257
87;2;Malic acid;0,171936758893281
88;2;Malic acid;0,183794466403162
89;2;Malic acid;0,260869565217391
90;2;Malic acid;0,116600790513834
91;2;Malic acid;0,215415019762846
92;2;Malic acid;0,152173913043478
93;2;Malic acid;0,156126482213439
94;2;Malic acid;0,41304347826087
95;2;Malic acid;0,24703557312253
96;2;Malic acid;0,154150197628459
97;2;Malic acid;0,272727272727273
98;2;Malic acid;0,132411067193676
99;2;Malic acid;0,0652173913043479
100;2;Malic acid;0,480237154150198
101;2;Malic acid;0,264822134387352
102;2;Malic acid;0,118577075098814
103;2;Malic acid;0,337944664031621
104;2;Malic acid;0,193675889328063
105;2;Malic acid;0,195652173913043
106;2;Malic acid;0,357707509881423
107;2;Malic acid;0,195652173913043
108;2;Malic acid;0,199604743083004
109;2;Malic acid;0,108695652173913
110;2;Malic acid;0,120553359683794
111;2;Malic acid;0,592885375494071
112;2;Malic acid;0,33399209486166
113;2;Malic acid;0,383399209486166
114;2;Malic acid;0
115;2;Malic acid;0,128458498023715
116;2;Malic acid;0,152173913043478
117;2;Malic acid;0,144268774703557
118;2;Malic acid;0,171936758893281
119;2;Malic acid;0,531620553359684
120;2;Malic acid;0,531620553359684
121;2;Malic acid;0,328063241106719
122;2;Malic acid;0,258893280632411
123;2;Malic acid;0,729249011857708
124;2;Malic acid;1
125;2;Malic acid;0,705533596837945
126;2;Malic acid;0,280632411067194
127;2;Malic acid;0,156126482213439
128;2;Malic acid;0,274703557312253
129;2;Malic acid;0,175889328063241
130;2;Malic acid;0,703557312252964
131;3;Malic acid;0,120553359683794
132;3;Malic acid;0,444664031620553
133;3;Malic acid;0,310276679841897
134;3;Malic acid;0,555335968379447
135;3;Malic acid;0,0988142292490119
136;3;Malic acid;0,339920948616601
137;3;Malic acid;0,786561264822134
138;3;Malic acid;0,942687747035573
139;3;Malic acid;0,563241106719368
140;3;Malic acid;0,438735177865613
141;3;Malic acid;0,409090909090909
142;3;Malic acid;0,359683794466403
143;3;Malic acid;0,480237154150198
144;3;Malic acid;0,83201581027668
145;3;Malic acid;0,620553359683794
146;3;Malic acid;0,559288537549407
147;3;Malic acid;0,849802371541502
148;3;Malic acid;0,764822134387352
149;3;Malic acid;0,494071146245059
150;3;Malic acid;0,624505928853755
151;3;Malic acid;0,470355731225296
152;3;Malic acid;0,381422924901186
153;3;Malic acid;0,229249011857708
154;3;Malic acid;0,505928853754941
155;3;Malic acid;0,108695652173913
156;3;Malic acid;0,879446640316206
157;3;Malic acid;0,66798418972332
158;3;Malic acid;0,452569169960474
159;3;Malic acid;0,185770750988142
160;3;Malic acid;0,183794466403162
161;3;Malic acid;0,610671936758893
162;3;Malic acid;0,49802371541502
163;3;Malic acid;0,5
164;3;Malic acid;0,535573122529644
165;3;Malic acid;0,399209486166008
166;3;Malic acid;0,715415019762846
167;3;Malic acid;0,58498023715415
168;3;Malic acid;0,519762845849802
169;3;Malic acid;0,363636363636364
170;3;Malic acid;0,762845849802371
171;3;Malic acid;0,452569169960474
172;3;Malic acid;0,326086956521739
173;3;Malic acid;0,349802371541502
174;3;Malic acid;0,970355731225297
175;3;Malic acid;0,626482213438735
176;3;Malic acid;0,699604743083004
177;3;Malic acid;0,365612648221344
178;3;Malic acid;0,66403162055336
1;1;Ash;0,572192513368984
2;1;Ash;0,417112299465241
3;1;Ash;0,700534759358289
4;1;Ash;0,609625668449198
5;1;Ash;0,807486631016043
6;1;Ash;0,58288770053476
7;1;Ash;0,58288770053476
8;1;Ash;0,668449197860963
9;1;Ash;0,433155080213904
10;1;Ash;0,486631016042781
11;1;Ash;0,502673796791444
12;1;Ash;0,513368983957219
13;1;Ash;0,561497326203209
14;1;Ash;0,550802139037433
15;1;Ash;0,545454545454545
16;1;Ash;0,716577540106952
17;1;Ash;0,727272727272727
18;1;Ash;0,67379679144385
19;1;Ash;0,598930481283422
20;1;Ash;0,641711229946524
21;1;Ash;0,491978609625669
22;1;Ash;0,689839572192513
23;1;Ash;0,53475935828877
24;1;Ash;0,620320855614973
25;1;Ash;0,668449197860963
26;1;Ash;0,994652406417112
27;1;Ash;0,67379679144385
28;1;Ash;0,417112299465241
29;1;Ash;0,770053475935829
30;1;Ash;0,454545454545455
31;1;Ash;0,716577540106952
32;1;Ash;0,53475935828877
33;1;Ash;0,53475935828877
34;1;Ash;0,716577540106952
35;1;Ash;0,689839572192513
36;1;Ash;0,561497326203209
37;1;Ash;0,79144385026738
38;1;Ash;0,636363636363636
39;1;Ash;0,39572192513369
40;1;Ash;0,614973262032085
41;1;Ash;0,508021390374332
42;1;Ash;0,406417112299465
43;1;Ash;0,657754010695187
44;1;Ash;0,497326203208556
45;1;Ash;0,39572192513369
46;1;Ash;0,577540106951872
47;1;Ash;0,491978609625669
48;1;Ash;0,406417112299465
49;1;Ash;0,556149732620321
50;1;Ash;0,486631016042781
51;1;Ash;0,363636363636364
52;1;Ash;0,663101604278075
53;1;Ash;0,566844919786096
54;1;Ash;0,705882352941177
55;1;Ash;0,475935828877005
56;1;Ash;0,588235294117647
57;1;Ash;0,502673796791444
58;1;Ash;0,705882352941177
59;1;Ash;0,609625668449198
60;2;Ash;0
61;2;Ash;0,491978609625669
62;2;Ash;0,352941176470588
63;2;Ash;0,299465240641711
64;2;Ash;0,427807486631016
65;2;Ash;0,625668449197861
66;2;Ash;0,641711229946524
67;2;Ash;0,181818181818182
68;2;Ash;0,299465240641711
69;2;Ash;0,53475935828877
70;2;Ash;0,20855614973262
71;2;Ash;0,454545454545455
72;2;Ash;0,700534759358289
73;2;Ash;0,470588235294118
74;2;Ash;0,663101604278075
75;2;Ash;0,502673796791444
76;2;Ash;0,299465240641711
77;2;Ash;0,18716577540107
78;2;Ash;0,46524064171123
79;2;Ash;0,315508021390374
80;2;Ash;0,556149732620321
81;2;Ash;0,342245989304813
82;2;Ash;0,449197860962567
83;2;Ash;0,614973262032085
84;2;Ash;0,513368983957219
85;2;Ash;0,6524064171123
86;2;Ash;0,470588235294118
87;2;Ash;0,508021390374332
88;2;Ash;0,67379679144385
89;2;Ash;0,588235294117647
90;2;Ash;0,502673796791444
91;2;Ash;0,513368983957219
92;2;Ash;0,566844919786096
93;2;Ash;0,481283422459893
94;2;Ash;0,459893048128342
95;2;Ash;0,491978609625669
96;2;Ash;0,449197860962567
97;2;Ash;0,737967914438503
98;2;Ash;0,331550802139037
99;2;Ash;0,39572192513369
100;2;Ash;0,454545454545455
101;2;Ash;0,181818181818182
102;2;Ash;0,288770053475936
103;2;Ash;0,588235294117647
104;2;Ash;0,27807486631016
105;2;Ash;0,331550802139037
106;2;Ash;0,486631016042781
107;2;Ash;0,406417112299465
108;2;Ash;0,491978609625669
109;2;Ash;0,310160427807487
110;2;Ash;0,716577540106952
111;2;Ash;0,245989304812834
112;2;Ash;0,433155080213904
113;2;Ash;0,834224598930481
114;2;Ash;0,609625668449198
115;2;Ash;0,609625668449198
116;2;Ash;0,449197860962567
117;2;Ash;0,336898395721925
118;2;Ash;0,443850267379679
119;2;Ash;0,331550802139037
120;2;Ash;0,342245989304813
121;2;Ash;0,566844919786096
122;2;Ash;1
123;2;Ash;0,732620320855615
124;2;Ash;0,411764705882353
125;2;Ash;0,550802139037433
126;2;Ash;0,433155080213904
127;2;Ash;0,497326203208556
128;2;Ash;0,759358288770054
129;2;Ash;0,502673796791444
130;2;Ash;0,545454545454545
131;3;Ash;0,513368983957219
132;3;Ash;0,556149732620321
133;3;Ash;0,556149732620321
134;3;Ash;0,53475935828877
135;3;Ash;0,475935828877005
136;3;Ash;0,449197860962567
137;3;Ash;0,631016042780749
138;3;Ash;0,684491978609626
139;3;Ash;0,443850267379679
140;3;Ash;0,668449197860963
141;3;Ash;0,716577540106952
142;3;Ash;0,529411764705882
143;3;Ash;0,727272727272727
144;3;Ash;0,529411764705882
145;3;Ash;0,449197860962567
146;3;Ash;0,422459893048128
147;3;Ash;0,46524064171123
148;3;Ash;0,598930481283422
149;3;Ash;0,545454545454545
150;3;Ash;0,53475935828877
151;3;Ash;0,67379679144385
152;3;Ash;0,598930481283422
153;3;Ash;0,74331550802139
154;3;Ash;0,491978609625669
155;3;Ash;0,39572192513369
156;3;Ash;0,513368983957219
157;3;Ash;0,545454545454545
158;3;Ash;0,684491978609626
159;3;Ash;0,716577540106952
160;3;Ash;0,684491978609626
161;3;Ash;0,545454545454545
162;3;Ash;0,631016042780749
163;3;Ash;0,6524064171123
164;3;Ash;0,529411764705882
165;3;Ash;0,502673796791444
166;3;Ash;0,481283422459893
167;3;Ash;0,663101604278075
168;3;Ash;0,502673796791444
169;3;Ash;0,711229946524064
170;3;Ash;0,802139037433155
171;3;Ash;0,513368983957219
172;3;Ash;0,491978609625669
173;3;Ash;0,598930481283422
174;3;Ash;0,58288770053476
175;3;Ash;0,598930481283422
176;3;Ash;0,481283422459893
177;3;Ash;0,540106951871658
178;3;Ash;0,737967914438503
1;1;Alcalinity of ash;0,257731958762887
2;1;Alcalinity of ash;0,0309278350515464
3;1;Alcalinity of ash;0,412371134020619
4;1;Alcalinity of ash;0,319587628865979
5;1;Alcalinity of ash;0,536082474226804
6;1;Alcalinity of ash;0,237113402061856
7;1;Alcalinity of ash;0,206185567010309
8;1;Alcalinity of ash;0,360824742268041
9;1;Alcalinity of ash;0,175257731958763
10;1;Alcalinity of ash;0,278350515463918
11;1;Alcalinity of ash;0,381443298969072
12;1;Alcalinity of ash;0,319587628865979
13;1;Alcalinity of ash;0,278350515463918
14;1;Alcalinity of ash;0,0412371134020619
15;1;Alcalinity of ash;0,0721649484536083
16;1;Alcalinity of ash;0,34020618556701
17;1;Alcalinity of ash;0,484536082474227
18;1;Alcalinity of ash;0,484536082474227
19;1;Alcalinity of ash;0,304123711340206
20;1;Alcalinity of ash;0,237113402061856
21;1;Alcalinity of ash;0,278350515463918
22;1;Alcalinity of ash;0,412371134020619
23;1;Alcalinity of ash;0,309278350515464
24;1;Alcalinity of ash;0,371134020618557
25;1;Alcalinity of ash;0,484536082474227
26;1;Alcalinity of ash;0,742268041237113
27;1;Alcalinity of ash;0,283505154639175
28;1;Alcalinity of ash;0,329896907216495
29;1;Alcalinity of ash;0,45360824742268
30;1;Alcalinity of ash;0,278350515463918
31;1;Alcalinity of ash;0,61340206185567
32;1;Alcalinity of ash;0,438144329896907
33;1;Alcalinity of ash;0,34020618556701
34;1;Alcalinity of ash;0,458762886597938
35;1;Alcalinity of ash;0,43298969072165
36;1;Alcalinity of ash;0,510309278350516
37;1;Alcalinity of ash;0,252577319587629
38;1;Alcalinity of ash;0,381443298969072
39;1;Alcalinity of ash;0,252577319587629
40;1;Alcalinity of ash;0,134020618556701
41;1;Alcalinity of ash;0,288659793814433
42;1;Alcalinity of ash;0,422680412371134
43;1;Alcalinity of ash;0,22680412371134
44;1;Alcalinity of ash;0,355670103092784
45;1;Alcalinity of ash;0,329896907216495
46;1;Alcalinity of ash;0,427835051546392
47;1;Alcalinity of ash;0,278350515463918
48;1;Alcalinity of ash;0,278350515463918
49;1;Alcalinity of ash;0,422680412371134
50;1;Alcalinity of ash;0,350515463917526
51;1;Alcalinity of ash;0,0927835051546392
52;1;Alcalinity of ash;0,34020618556701
53;1;Alcalinity of ash;0,175257731958763
54;1;Alcalinity of ash;0,335051546391753
55;1;Alcalinity of ash;0,298969072164948
56;1;Alcalinity of ash;0,510309278350516
57;1;Alcalinity of ash;0,293814432989691
58;1;Alcalinity of ash;0,319587628865979
59;1;Alcalinity of ash;0,314432989690722
60;2;Alcalinity of ash;0
61;2;Alcalinity of ash;0,278350515463918
62;2;Alcalinity of ash;0,319587628865979
63;2;Alcalinity of ash;0,381443298969072
64;2;Alcalinity of ash;0,43298969072165
65;2;Alcalinity of ash;0,43298969072165
66;2;Alcalinity of ash;0,38659793814433
67;2;Alcalinity of ash;0,22680412371134
68;2;Alcalinity of ash;0,463917525773196
69;2;Alcalinity of ash;0,329896907216495
70;2;Alcalinity of ash;0,319587628865979
71;2;Alcalinity of ash;0,505154639175258
72;2;Alcalinity of ash;0,742268041237113
73;2;Alcalinity of ash;0,690721649484536
74;2;Alcalinity of ash;1
75;2;Alcalinity of ash;0,536082474226804
76;2;Alcalinity of ash;0,278350515463918
77;2;Alcalinity of ash;0,278350515463918
78;2;Alcalinity of ash;0,381443298969072
79;2;Alcalinity of ash;0,216494845360825
80;2;Alcalinity of ash;0,639175257731959
81;2;Alcalinity of ash;0,43298969072165
82;2;Alcalinity of ash;0,422680412371134
83;2;Alcalinity of ash;0,690721649484536
84;2;Alcalinity of ash;0,61340206185567
85;2;Alcalinity of ash;0,381443298969072
86;2;Alcalinity of ash;0,381443298969072
87;2;Alcalinity of ash;0,628865979381443
88;2;Alcalinity of ash;0,793814432989691
89;2;Alcalinity of ash;0,567010309278351
90;2;Alcalinity of ash;0,670103092783505
91;2;Alcalinity of ash;0,407216494845361
92;2;Alcalinity of ash;0,587628865979381
93;2;Alcalinity of ash;0,520618556701031
94;2;Alcalinity of ash;0,381443298969072
95;2;Alcalinity of ash;0,381443298969072
96;2;Alcalinity of ash;0,43298969072165
97;2;Alcalinity of ash;0,561855670103093
98;2;Alcalinity of ash;0,278350515463918
99;2;Alcalinity of ash;0,407216494845361
100;2;Alcalinity of ash;0,381443298969072
101;2;Alcalinity of ash;0,355670103092784
102;2;Alcalinity of ash;0,407216494845361
103;2;Alcalinity of ash;0,536082474226804
104;2;Alcalinity of ash;0,458762886597938
105;2;Alcalinity of ash;0,510309278350516
106;2;Alcalinity of ash;0,587628865979381
107;2;Alcalinity of ash;0,43298969072165
108;2;Alcalinity of ash;0,61340206185567
109;2;Alcalinity of ash;0,43298969072165
110;2;Alcalinity of ash;0,484536082474227
111;2;Alcalinity of ash;0,458762886597938
112;2;Alcalinity of ash;0,536082474226804
113;2;Alcalinity of ash;0,484536082474227
114;2;Alcalinity of ash;0,536082474226804
115;2;Alcalinity of ash;0,61340206185567
116;2;Alcalinity of ash;0,561855670103093
117;2;Alcalinity of ash;0,525773195876289
118;2;Alcalinity of ash;0,61340206185567
119;2;Alcalinity of ash;0,278350515463918
120;2;Alcalinity of ash;0,43298969072165
121;2;Alcalinity of ash;0,484536082474227
122;2;Alcalinity of ash;0,922680412371134
123;2;Alcalinity of ash;0,81958762886598
124;2;Alcalinity of ash;0,561855670103093
125;2;Alcalinity of ash;0,536082474226804
126;2;Alcalinity of ash;0,536082474226804
127;2;Alcalinity of ash;0,561855670103093
128;2;Alcalinity of ash;0,922680412371134
129;2;Alcalinity of ash;0,716494845360825
130;2;Alcalinity of ash;0,587628865979381
131;3;Alcalinity of ash;0,381443298969072
132;3;Alcalinity of ash;0,484536082474227
133;3;Alcalinity of ash;0,690721649484536
134;3;Alcalinity of ash;0,561855670103093
135;3;Alcalinity of ash;0,355670103092784
136;3;Alcalinity of ash;0,407216494845361
137;3;Alcalinity of ash;0,536082474226804
138;3;Alcalinity of ash;0,742268041237113
139;3;Alcalinity of ash;0,458762886597938
140;3;Alcalinity of ash;0,690721649484536
141;3;Alcalinity of ash;0,536082474226804
142;3;Alcalinity of ash;0,484536082474227
143;3;Alcalinity of ash;0,664948453608247
144;3;Alcalinity of ash;0,484536082474227
145;3;Alcalinity of ash;0,407216494845361
146;3;Alcalinity of ash;0,536082474226804
147;3;Alcalinity of ash;0,484536082474227
148;3;Alcalinity of ash;0,561855670103093
149;3;Alcalinity of ash;0,561855670103093
150;3;Alcalinity of ash;0,561855670103093
151;3;Alcalinity of ash;0,690721649484536
152;3;Alcalinity of ash;0,587628865979381
153;3;Alcalinity of ash;0,768041237113402
154;3;Alcalinity of ash;0,407216494845361
155;3;Alcalinity of ash;0,484536082474227
156;3;Alcalinity of ash;0,587628865979381
157;3;Alcalinity of ash;0,458762886597938
158;3;Alcalinity of ash;0,845360824742268
159;3;Alcalinity of ash;0,742268041237113
160;3;Alcalinity of ash;0,61340206185567
161;3;Alcalinity of ash;0,536082474226804
162;3;Alcalinity of ash;0,484536082474227
163;3;Alcalinity of ash;0,587628865979381
164;3;Alcalinity of ash;0,407216494845361
165;3;Alcalinity of ash;0,587628865979381
166;3;Alcalinity of ash;0,61340206185567
167;3;Alcalinity of ash;0,639175257731959
168;3;Alcalinity of ash;0,458762886597938
169;3;Alcalinity of ash;0,716494845360825
170;3;Alcalinity of ash;0,742268041237113
171;3;Alcalinity of ash;0,43298969072165
172;3;Alcalinity of ash;0,458762886597938
173;3;Alcalinity of ash;0,484536082474227
174;3;Alcalinity of ash;0,510309278350516
175;3;Alcalinity of ash;0,639175257731959
176;3;Alcalinity of ash;0,484536082474227
177;3;Alcalinity of ash;0,484536082474227
178;3;Alcalinity of ash;0,716494845360825
1;1;Magnesium;0,619565217391304
2;1;Magnesium;0,326086956521739
3;1;Magnesium;0,33695652173913
4;1;Magnesium;0,467391304347826
5;1;Magnesium;0,521739130434783
6;1;Magnesium;0,456521739130435
7;1;Magnesium;0,282608695652174
8;1;Magnesium;0,554347826086957
9;1;Magnesium;0,293478260869565
10;1;Magnesium;0,304347826086957
11;1;Magnesium;0,380434782608696
12;1;Magnesium;0,271739130434783
13;1;Magnesium;0,206521739130435
14;1;Magnesium;0,228260869565217
15;1;Magnesium;0,347826086956522
16;1;Magnesium;0,456521739130435
17;1;Magnesium;0,543478260869565
18;1;Magnesium;0,489130434782609
19;1;Magnesium;0,41304347826087
20;1;Magnesium;0,5
21;1;Magnesium;0,608695652173913
22;1;Magnesium;0,347826086956522
23;1;Magnesium;0,33695652173913
24;1;Magnesium;0,271739130434783
25;1;Magnesium;0,282608695652174
26;1;Magnesium;0,58695652173913
27;1;Magnesium;0,25
28;1;Magnesium;0,260869565217391
29;1;Magnesium;0,402173913043478
30;1;Magnesium;0,282608695652174
31;1;Magnesium;0,33695652173913
32;1;Magnesium;0,391304347826087
33;1;Magnesium;0,369565217391304
34;1;Magnesium;0,673913043478261
35;1;Magnesium;0,434782608695652
36;1;Magnesium;0,326086956521739
37;1;Magnesium;0,434782608695652
38;1;Magnesium;0,304347826086957
39;1;Magnesium;0,304347826086957
40;1;Magnesium;0,630434782608696
41;1;Magnesium;0,510869565217391
42;1;Magnesium;0,217391304347826
43;1;Magnesium;0,33695652173913
44;1;Magnesium;0,358695652173913
45;1;Magnesium;0,402173913043478
46;1;Magnesium;0,445652173913043
47;1;Magnesium;0,347826086956522
48;1;Magnesium;0,33695652173913
49;1;Magnesium;0,358695652173913
50;1;Magnesium;0,41304347826087
51;1;Magnesium;0,239130434782609
52;1;Magnesium;0,260869565217391
53;1;Magnesium;0,445652173913043
54;1;Magnesium;0,489130434782609
55;1;Magnesium;0,521739130434783
56;1;Magnesium;0,5
57;1;Magnesium;0,521739130434783
58;1;Magnesium;0,347826086956522
59;1;Magnesium;0,41304347826087
60;2;Magnesium;0,195652173913043
61;2;Magnesium;0,33695652173913
62;2;Magnesium;0,326086956521739
63;2;Magnesium;0,260869565217391
64;2;Magnesium;0,184782608695652
65;2;Magnesium;0,369565217391304
66;2;Magnesium;0,304347826086957
67;2;Magnesium;0,0869565217391304
68;2;Magnesium;0,0869565217391304
69;2;Magnesium;0,434782608695652
70;2;Magnesium;0,880434782608696
71;2;Magnesium;0,358695652173913
72;2;Magnesium;0,173913043478261
73;2;Magnesium;0,184782608695652
74;2;Magnesium;0,75
75;2;Magnesium;0,33695652173913
76;2;Magnesium;0,293478260869565
77;2;Magnesium;0,173913043478261
78;2;Magnesium;0,456521739130435
79;2;Magnesium;0,717391304347826
80;2;Magnesium;0,33695652173913
81;2;Magnesium;0,173913043478261
82;2;Magnesium;0,173913043478261
83;2;Magnesium;0,0869565217391304
84;2;Magnesium;0,16304347826087
85;2;Magnesium;0,260869565217391
86;2;Magnesium;0,315217391304348
87;2;Magnesium;0,217391304347826
88;2;Magnesium;0,195652173913043
89;2;Magnesium;0,152173913043478
90;2;Magnesium;0
91;2;Magnesium;0,119565217391304
92;2;Magnesium;0,173913043478261
93;2;Magnesium;0,108695652173913
94;2;Magnesium;0,195652173913043
95;2;Magnesium;0,304347826086957
96;2;Magnesium;1
97;2;Magnesium;0,695652173913043
98;2;Magnesium;0,16304347826087
99;2;Magnesium;0,195652173913043
100;2;Magnesium;0,195652173913043
101;2;Magnesium;0,293478260869565
102;2;Magnesium;0,195652173913043
103;2;Magnesium;0,304347826086957
104;2;Magnesium;0,173913043478261
105;2;Magnesium;0,16304347826087
106;2;Magnesium;0,217391304347826
107;2;Magnesium;0,108695652173913
108;2;Magnesium;0,152173913043478
109;2;Magnesium;0,239130434782609
110;2;Magnesium;0,260869565217391
111;2;Magnesium;0,402173913043478
112;2;Magnesium;0,195652173913043
113;2;Magnesium;0,358695652173913
114;2;Magnesium;0,195652173913043
115;2;Magnesium;0,152173913043478
116;2;Magnesium;0,16304347826087
117;2;Magnesium;0,173913043478261
118;2;Magnesium;0,41304347826087
119;2;Magnesium;0,108695652173913
120;2;Magnesium;0,184782608695652
121;2;Magnesium;0,282608695652174
122;2;Magnesium;0,532608695652174
123;2;Magnesium;0,347826086956522
124;2;Magnesium;0,173913043478261
125;2;Magnesium;0,130434782608696
126;2;Magnesium;0,16304347826087
127;2;Magnesium;0,173913043478261
128;2;Magnesium;0,239130434782609
129;2;Magnesium;0,195652173913043
130;2;Magnesium;0,108695652173913
131;3;Magnesium;0,565217391304348
132;3;Magnesium;0,369565217391304
133;3;Magnesium;0,304347826086957
134;3;Magnesium;0,391304347826087
135;3;Magnesium;0,16304347826087
136;3;Magnesium;0,260869565217391
137;3;Magnesium;0,206521739130435
138;3;Magnesium;0,282608695652174
139;3;Magnesium;0,195652173913043
140;3;Magnesium;0,33695652173913
141;3;Magnesium;0,282608695652174
142;3;Magnesium;0,206521739130435
143;3;Magnesium;0,293478260869565
144;3;Magnesium;0,239130434782609
145;3;Magnesium;0,456521739130435
146;3;Magnesium;0,347826086956522
147;3;Magnesium;0,108695652173913
148;3;Magnesium;0,173913043478261
149;3;Magnesium;0,239130434782609
150;3;Magnesium;0,467391304347826
151;3;Magnesium;0,576086956521739
152;3;Magnesium;0,456521739130435
153;3;Magnesium;0,5
154;3;Magnesium;0,304347826086957
155;3;Magnesium;0,358695652173913
156;3;Magnesium;0,25
157;3;Magnesium;0,206521739130435
158;3;Magnesium;0,293478260869565
159;3;Magnesium;0,304347826086957
160;3;Magnesium;0,206521739130435
161;3;Magnesium;0,195652173913043
162;3;Magnesium;0,402173913043478
163;3;Magnesium;0,391304347826087
164;3;Magnesium;0,391304347826087
165;3;Magnesium;0,217391304347826
166;3;Magnesium;0,195652173913043
167;3;Magnesium;0,445652173913043
168;3;Magnesium;0,195652173913043
169;3;Magnesium;0,380434782608696
170;3;Magnesium;0,456521739130435
171;3;Magnesium;0,282608695652174
172;3;Magnesium;0,173913043478261
173;3;Magnesium;0,228260869565217
174;3;Magnesium;0,271739130434783
175;3;Magnesium;0,347826086956522
176;3;Magnesium;0,543478260869565
177;3;Magnesium;0,543478260869565
178;3;Magnesium;0,282608695652174
1;1;Total phenols;0,627586206896552
2;1;Total phenols;0,575862068965517
3;1;Total phenols;0,627586206896552
4;1;Total phenols;0,989655172413793
5;1;Total phenols;0,627586206896552
6;1;Total phenols;0,789655172413793
7;1;Total phenols;0,524137931034483
8;1;Total phenols;0,558620689655172
9;1;Total phenols;0,627586206896552
10;1;Total phenols;0,689655172413793
11;1;Total phenols;0,679310344827586
12;1;Total phenols;0,420689655172414
13;1;Total phenols;0,558620689655172
14;1;Total phenols;0,731034482758621
15;1;Total phenols;0,8
16;1;Total phenols;0,644827586206897
17;1;Total phenols;0,627586206896552
18;1;Total phenols;0,679310344827586
19;1;Total phenols;0,8
20;1;Total phenols;0,593103448275862
21;1;Total phenols;0,696551724137931
22;1;Total phenols;0,493103448275862
23;1;Total phenols;0,562068965517241
24;1;Total phenols;0,517241379310345
25;1;Total phenols;0,53448275862069
26;1;Total phenols;0,568965517241379
27;1;Total phenols;0,644827586206897
28;1;Total phenols;0,489655172413793
29;1;Total phenols;0,679310344827586
30;1;Total phenols;0,575862068965517
31;1;Total phenols;0,696551724137931
32;1;Total phenols;0,648275862068966
33;1;Total phenols;0,496551724137931
34;1;Total phenols;0,679310344827586
35;1;Total phenols;0,472413793103448
36;1;Total phenols;0,593103448275862
37;1;Total phenols;0,558620689655172
38;1;Total phenols;0,506896551724138
39;1;Total phenols;0,489655172413793
40;1;Total phenols;0,696551724137931
41;1;Total phenols;0,748275862068966
42;1;Total phenols;0,506896551724138
43;1;Total phenols;0,782758620689655
44;1;Total phenols;0,572413793103448
45;1;Total phenols;0,696551724137931
46;1;Total phenols;0,644827586206897
47;1;Total phenols;0,782758620689655
48;1;Total phenols;0,731034482758621
49;1;Total phenols;0,610344827586207
50;1;Total phenols;0,655172413793103
51;1;Total phenols;0,6
52;1;Total phenols;0,506896551724138
53;1;Total phenols;1
54;1;Total phenols;0,696551724137931
55;1;Total phenols;0,558620689655172
56;1;Total phenols;0,682758620689655
57;1;Total phenols;0,76551724137931
58;1;Total phenols;0,696551724137931
59;1;Total phenols;0,83448275862069
60;2;Total phenols;0,344827586206897
61;2;Total phenols;0,368965517241379
62;2;Total phenols;0,358620689655172
63;2;Total phenols;0,386206896551724
64;2;Total phenols;0,868965517241379
65;2;Total phenols;0,313793103448276
66;2;Total phenols;0,496551724137931
67;2;Total phenols;0,689655172413793
68;2;Total phenols;0,389655172413793
69;2;Total phenols;0,53448275862069
70;2;Total phenols;0,3
71;2;Total phenols;0,0413793103448276
72;2;Total phenols;0,679310344827586
73;2;Total phenols;0,310344827586207
74;2;Total phenols;0,8
75;2;Total phenols;0,827586206896552
76;2;Total phenols;0,217241379310345
77;2;Total phenols;0,33448275862069
78;2;Total phenols;0,255172413793103
79;2;Total phenols;0,317241379310345
80;2;Total phenols;0,637931034482759
81;2;Total phenols;0,496551724137931
82;2;Total phenols;0,420689655172414
83;2;Total phenols;0,351724137931035
84;2;Total phenols;0,231034482758621
85;2;Total phenols;0,420689655172414
86;2;Total phenols;0,420689655172414
87;2;Total phenols;0,275862068965517
88;2;Total phenols;0,324137931034483
89;2;Total phenols;0,33448275862069
90;2;Total phenols;0,420689655172414
91;2;Total phenols;0,213793103448276
92;2;Total phenols;0,162068965517241
93;2;Total phenols;0,137931034482759
94;2;Total phenols;0,506896551724138
95;2;Total phenols;0,703448275862069
96;2;Total phenols;0,524137931034483
97;2;Total phenols;0,213793103448276
98;2;Total phenols;0,541379310344828
99;2;Total phenols;0,875862068965517
100;2;Total phenols;0,644827586206897
101;2;Total phenols;0,431034482758621
102;2;Total phenols;0,162068965517241
103;2;Total phenols;0,544827586206897
104;2;Total phenols;0,524137931034483
105;2;Total phenols;0,420689655172414
106;2;Total phenols;0,241379310344828
107;2;Total phenols;0,231034482758621
108;2;Total phenols;0,137931034482759
109;2;Total phenols;0,475862068965517
110;2;Total phenols;0,606896551724138
111;2;Total phenols;0,758620689655172
112;2;Total phenols;0,541379310344828
113;2;Total phenols;0,26551724137931
114;2;Total phenols;0,517241379310345
115;2;Total phenols;0,544827586206897
116;2;Total phenols;0,510344827586207
117;2;Total phenols;0,344827586206897
118;2;Total phenols;0,351724137931035
119;2;Total phenols;0,224137931034483
120;2;Total phenols;0,351724137931035
121;2;Total phenols;0,662068965517241
122;2;Total phenols;0,758620689655172
123;2;Total phenols;0,420689655172414
124;2;Total phenols;0,56551724137931
125;2;Total phenols;0,648275862068966
126;2;Total phenols;0,558620689655172
127;2;Total phenols;0,606896551724138
128;2;Total phenols;0,396551724137931
129;2;Total phenols;0,427586206896552
130;2;Total phenols;0,386206896551724
131;3;Total phenols;0,182758620689655
132;3;Total phenols;0,110344827586207
133;3;Total phenols;0,0586206896551724
134;3;Total phenols;0,248275862068966
135;3;Total phenols;0,351724137931035
136;3;Total phenols;0,220689655172414
137;3;Total phenols;0,137931034482759
138;3;Total phenols;0,279310344827586
139;3;Total phenols;0,220689655172414
140;3;Total phenols;0,462068965517241
141;3;Total phenols;0,193103448275862
142;3;Total phenols;0,144827586206897
143;3;Total phenols;0,196551724137931
144;3;Total phenols;0,351724137931035
145;3;Total phenols;0,137931034482759
146;3;Total phenols;0,179310344827586
147;3;Total phenols;0
148;3;Total phenols;0,248275862068966
149;3;Total phenols;0,327586206896552
150;3;Total phenols;0,148275862068966
151;3;Total phenols;0,144827586206897
152;3;Total phenols;0,172413793103448
153;3;Total phenols;0,420689655172414
154;3;Total phenols;0,282758620689655
155;3;Total phenols;0,172413793103448
156;3;Total phenols;0,262068965517241
157;3;Total phenols;0,282758620689655
158;3;Total phenols;0,317241379310345
159;3;Total phenols;0,627586206896552
160;3;Total phenols;0,558620689655172
161;3;Total phenols;0,455172413793103
162;3;Total phenols;0,293103448275862
163;3;Total phenols;0,231034482758621
164;3;Total phenols;0,141379310344828
165;3;Total phenols;0,127586206896552
166;3;Total phenols;0,103448275862069
167;3;Total phenols;0,248275862068966
168;3;Total phenols;0,172413793103448
169;3;Total phenols;0,196551724137931
170;3;Total phenols;0,344827586206897
171;3;Total phenols;0,0931034482758621
172;3;Total phenols;0,141379310344828
173;3;Total phenols;0,241379310344828
174;3;Total phenols;0,241379310344828
175;3;Total phenols;0,282758620689655
176;3;Total phenols;0,210344827586207
177;3;Total phenols;0,231034482758621
178;3;Total phenols;0,368965517241379
1;1;Flavanoids;0,573839662447257
2;1;Flavanoids;0,510548523206751
3;1;Flavanoids;0,611814345991561
4;1;Flavanoids;0,664556962025317
5;1;Flavanoids;0,4957805907173
6;1;Flavanoids;0,643459915611814
7;1;Flavanoids;0,459915611814346
8;1;Flavanoids;0,457805907172996
9;1;Flavanoids;0,556962025316456
10;1;Flavanoids;0,592827004219409
11;1;Flavanoids;0,628691983122363
12;1;Flavanoids;0,440928270042194
13;1;Flavanoids;0,510548523206751
14;1;Flavanoids;0,706751054852321
15;1;Flavanoids;0,69620253164557
16;1;Flavanoids;0,542194092827004
17;1;Flavanoids;0,590717299578059
18;1;Flavanoids;0,645569620253165
19;1;Flavanoids;0,757383966244726
20;1;Flavanoids;0,567510548523207
21;1;Flavanoids;0,59704641350211
22;1;Flavanoids;0,436708860759494
23;1;Flavanoids;0,535864978902954
24;1;Flavanoids;0,428270042194093
25;1;Flavanoids;0,478902953586498
26;1;Flavanoids;0,493670886075949
27;1;Flavanoids;0,548523206751055
28;1;Flavanoids;0,390295358649789
29;1;Flavanoids;0,554852320675106
30;1;Flavanoids;0,419831223628692
31;1;Flavanoids;0,613924050632911
32;1;Flavanoids;0,60126582278481
33;1;Flavanoids;0,4957805907173
34;1;Flavanoids;0,506329113924051
35;1;Flavanoids;0,462025316455696
36;1;Flavanoids;0,556962025316456
37;1;Flavanoids;0,493670886075949
38;1;Flavanoids;0,440928270042194
39;1;Flavanoids;0,485232067510549
40;1;Flavanoids;0,569620253164557
41;1;Flavanoids;0,622362869198312
42;1;Flavanoids;0,493670886075949
43;1;Flavanoids;0,679324894514768
44;1;Flavanoids;0,483122362869198
45;1;Flavanoids;0,561181434599156
46;1;Flavanoids;0,487341772151899
47;1;Flavanoids;0,59704641350211
48;1;Flavanoids;0,643459915611814
49;1;Flavanoids;0,544303797468354
50;1;Flavanoids;0,675105485232067
51;1;Flavanoids;0,618143459915612
52;1;Flavanoids;0,559071729957806
53;1;Flavanoids;0,717299578059072
54;1;Flavanoids;0,516877637130802
55;1;Flavanoids;0,540084388185654
56;1;Flavanoids;0,514767932489452
57;1;Flavanoids;0,561181434599156
58;1;Flavanoids;0,609704641350211
59;1;Flavanoids;0,70253164556962
60;2;Flavanoids;0,0485232067510549
61;2;Flavanoids;0,158227848101266
62;2;Flavanoids;0,225738396624473
63;2;Flavanoids;0,305907172995781
64;2;Flavanoids;0,582278481012658
65;2;Flavanoids;0,29746835443038
66;2;Flavanoids;0,487341772151899
67;2;Flavanoids;0,59915611814346
68;2;Flavanoids;0,350210970464135
69;2;Flavanoids;0,20253164556962
70;2;Flavanoids;0,19831223628692
71;2;Flavanoids;0,143459915611814
72;2;Flavanoids;0,531645569620253
73;2;Flavanoids;0,316455696202532
74;2;Flavanoids;0,537974683544304
75;2;Flavanoids;0,379746835443038
76;2;Flavanoids;0,259493670886076
77;2;Flavanoids;0,356540084388186
78;2;Flavanoids;0,206751054852321
79;2;Flavanoids;0,318565400843882
80;2;Flavanoids;0,466244725738397
81;2;Flavanoids;0,40506329113924
82;2;Flavanoids;0,462025316455696
83;2;Flavanoids;0,261603375527426
84;2;Flavanoids;0,263713080168776
85;2;Flavanoids;0,394514767932489
86;2;Flavanoids;0,337552742616034
87;2;Flavanoids;0,284810126582278
88;2;Flavanoids;0,267932489451477
89;2;Flavanoids;0,284810126582278
90;2;Flavanoids;0,263713080168776
91;2;Flavanoids;0,244725738396624
92;2;Flavanoids;0,191983122362869
93;2;Flavanoids;0,236286919831224
94;2;Flavanoids;0,40295358649789
95;2;Flavanoids;0,40506329113924
96;2;Flavanoids;0,407172995780591
97;2;Flavanoids;0,137130801687764
98;2;Flavanoids;0,455696202531646
99;2;Flavanoids;0,719409282700422
100;2;Flavanoids;0,559071729957806
101;2;Flavanoids;0,386075949367089
102;2;Flavanoids;0,215189873417721
103;2;Flavanoids;0,373417721518987
104;2;Flavanoids;0,274261603375527
105;2;Flavanoids;0,333333333333333
106;2;Flavanoids;0,316455696202532
107;2;Flavanoids;0,356540084388186
108;2;Flavanoids;0,29957805907173
109;2;Flavanoids;0,358649789029536
110;2;Flavanoids;0,544303797468354
111;2;Flavanoids;0,472573839662447
112;2;Flavanoids;0,407172995780591
113;2;Flavanoids;0,356540084388186
114;2;Flavanoids;0,352320675105485
115;2;Flavanoids;0,411392405063291
116;2;Flavanoids;0,386075949367089
117;2;Flavanoids;0,265822784810127
118;2;Flavanoids;0,369198312236287
119;2;Flavanoids;0,191983122362869
120;2;Flavanoids;0,274261603375527
121;2;Flavanoids;0,516877637130802
122;2;Flavanoids;1
123;2;Flavanoids;0,377637130801688
124;2;Flavanoids;0,487341772151899
125;2;Flavanoids;0,567510548523207
126;2;Flavanoids;0,487341772151899
127;2;Flavanoids;0,592827004219409
128;2;Flavanoids;0,40084388185654
129;2;Flavanoids;0,445147679324895
130;2;Flavanoids;0,29746835443038
131;3;Flavanoids;0,191983122362869
132;3;Flavanoids;0,185654008438819
133;3;Flavanoids;0,158227848101266
134;3;Flavanoids;0,181434599156118
135;3;Flavanoids;0,0506329113924051
136;3;Flavanoids;0,0675105485232067
137;3;Flavanoids;0,0274261603375527
138;3;Flavanoids;0,0548523206751055
139;3;Flavanoids;0,0295358649789029
140;3;Flavanoids;0,0548523206751055
141;3;Flavanoids;0,0337552742616034
142;3;Flavanoids;0,0337552742616034
143;3;Flavanoids;0,0379746835443038
144;3;Flavanoids;0,0970464135021097
145;3;Flavanoids;0,0928270042194093
146;3;Flavanoids;0,0443037974683544
147;3;Flavanoids;0
148;3;Flavanoids;0,0654008438818565
149;3;Flavanoids;0,0886075949367089
150;3;Flavanoids;0,221518987341772
151;3;Flavanoids;0,259493670886076
152;3;Flavanoids;0,215189873417721
153;3;Flavanoids;0,19831223628692
154;3;Flavanoids;0,10337552742616
155;3;Flavanoids;0,0506329113924051
156;3;Flavanoids;0,0611814345991561
157;3;Flavanoids;0,10337552742616
158;3;Flavanoids;0,0506329113924051
159;3;Flavanoids;0,20464135021097
160;3;Flavanoids;0,160337552742616
161;3;Flavanoids;0,122362869198312
162;3;Flavanoids;0,0464135021097046
163;3;Flavanoids;0,0548523206751055
164;3;Flavanoids;0,0759493670886076
165;3;Flavanoids;0,0717299578059072
166;3;Flavanoids;0,0274261603375527
167;3;Flavanoids;0,122362869198312
168;3;Flavanoids;0,0675105485232067
169;3;Flavanoids;0,105485232067511
170;3;Flavanoids;0,130801687763713
171;3;Flavanoids;0,0316455696202531
172;3;Flavanoids;0,0358649789029536
173;3;Flavanoids;0,0759493670886076
174;3;Flavanoids;0,0569620253164557
175;3;Flavanoids;0,0864978902953586
176;3;Flavanoids;0,0738396624472574
177;3;Flavanoids;0,0717299578059072
178;3;Flavanoids;0,0886075949367089
1;1;Nonflavanoid phenols;0,283018867924528
2;1;Nonflavanoid phenols;0,245283018867925
3;1;Nonflavanoid phenols;0,320754716981132
4;1;Nonflavanoid phenols;0,207547169811321
5;1;Nonflavanoid phenols;0,490566037735849
6;1;Nonflavanoid phenols;0,39622641509434
7;1;Nonflavanoid phenols;0,320754716981132
8;1;Nonflavanoid phenols;0,339622641509434
9;1;Nonflavanoid phenols;0,30188679245283
10;1;Nonflavanoid phenols;0,169811320754717
11;1;Nonflavanoid phenols;0,169811320754717
12;1;Nonflavanoid phenols;0,245283018867925
13;1;Nonflavanoid phenols;0,30188679245283
14;1;Nonflavanoid phenols;0,566037735849057
15;1;Nonflavanoid phenols;0,30188679245283
16;1;Nonflavanoid phenols;0,320754716981132
17;1;Nonflavanoid phenols;0,377358490566038
18;1;Nonflavanoid phenols;0,509433962264151
19;1;Nonflavanoid phenols;0,358490566037736
20;1;Nonflavanoid phenols;0,0754716981132076
21;1;Nonflavanoid phenols;0,207547169811321
22;1;Nonflavanoid phenols;0,226415094339623
23;1;Nonflavanoid phenols;0,264150943396226
24;1;Nonflavanoid phenols;0,245283018867925
25;1;Nonflavanoid phenols;0,283018867924528
26;1;Nonflavanoid phenols;0,641509433962264
27;1;Nonflavanoid phenols;0,39622641509434
28;1;Nonflavanoid phenols;0,264150943396226
29;1;Nonflavanoid phenols;0,452830188679245
30;1;Nonflavanoid phenols;0,245283018867925
31;1;Nonflavanoid phenols;0,30188679245283
32;1;Nonflavanoid phenols;0,169811320754717
33;1;Nonflavanoid phenols;0,547169811320755
34;1;Nonflavanoid phenols;0,69811320754717
35;1;Nonflavanoid phenols;0,30188679245283
36;1;Nonflavanoid phenols;0,245283018867925
37;1;Nonflavanoid phenols;0,39622641509434
38;1;Nonflavanoid phenols;0,30188679245283
39;1;Nonflavanoid phenols;0,283018867924528
40;1;Nonflavanoid phenols;0,132075471698113
41;1;Nonflavanoid phenols;0,39622641509434
42;1;Nonflavanoid phenols;0,264150943396226
43;1;Nonflavanoid phenols;0,0754716981132076
44;1;Nonflavanoid phenols;0,358490566037736
45;1;Nonflavanoid phenols;0,283018867924528
46;1;Nonflavanoid phenols;0,320754716981132
47;1;Nonflavanoid phenols;0,264150943396226
48;1;Nonflavanoid phenols;0,150943396226415
49;1;Nonflavanoid phenols;0,358490566037736
50;1;Nonflavanoid phenols;0,358490566037736
51;1;Nonflavanoid phenols;0,0754716981132076
52;1;Nonflavanoid phenols;0,169811320754717
53;1;Nonflavanoid phenols;0,358490566037736
54;1;Nonflavanoid phenols;0,490566037735849
55;1;Nonflavanoid phenols;0,150943396226415
56;1;Nonflavanoid phenols;0,132075471698113
57;1;Nonflavanoid phenols;0,245283018867925
58;1;Nonflavanoid phenols;0,339622641509434
59;1;Nonflavanoid phenols;0,113207547169811
60;2;Nonflavanoid phenols;0,283018867924528
61;2;Nonflavanoid phenols;0,943396226415094
62;2;Nonflavanoid phenols;0,754716981132076
63;2;Nonflavanoid phenols;0,358490566037736
64;2;Nonflavanoid phenols;0,113207547169811
65;2;Nonflavanoid phenols;0,60377358490566
66;2;Nonflavanoid phenols;0,452830188679245
67;2;Nonflavanoid phenols;0,245283018867925
68;2;Nonflavanoid phenols;0,264150943396226
69;2;Nonflavanoid phenols;0,792452830188679
70;2;Nonflavanoid phenols;0,0188679245283019
71;2;Nonflavanoid phenols;0,452830188679245
72;2;Nonflavanoid phenols;0,150943396226415
73;2;Nonflavanoid phenols;0,264150943396226
74;2;Nonflavanoid phenols;0,150943396226415
75;2;Nonflavanoid phenols;0
76;2;Nonflavanoid phenols;0,39622641509434
77;2;Nonflavanoid phenols;0,207547169811321
78;2;Nonflavanoid phenols;0,566037735849057
79;2;Nonflavanoid phenols;0,415094339622642
80;2;Nonflavanoid phenols;0,566037735849057
81;2;Nonflavanoid phenols;0,320754716981132
82;2;Nonflavanoid phenols;0,245283018867925
83;2;Nonflavanoid phenols;0,509433962264151
84;2;Nonflavanoid phenols;0,90566037735849
85;2;Nonflavanoid phenols;0,169811320754717
86;2;Nonflavanoid phenols;0,320754716981132
87;2;Nonflavanoid phenols;0,566037735849057
88;2;Nonflavanoid phenols;0,509433962264151
89;2;Nonflavanoid phenols;0,660377358490566
90;2;Nonflavanoid phenols;0,547169811320755
91;2;Nonflavanoid phenols;0,735849056603773
92;2;Nonflavanoid phenols;0,69811320754717
93;2;Nonflavanoid phenols;0,849056603773585
94;2;Nonflavanoid phenols;0,226415094339623
95;2;Nonflavanoid phenols;0,0754716981132076
96;2;Nonflavanoid phenols;0,358490566037736
97;2;Nonflavanoid phenols;0,0188679245283019
98;2;Nonflavanoid phenols;0,30188679245283
99;2;Nonflavanoid phenols;0,207547169811321
100;2;Nonflavanoid phenols;0,60377358490566
101;2;Nonflavanoid phenols;0,245283018867925
102;2;Nonflavanoid phenols;0,30188679245283
103;2;Nonflavanoid phenols;0,39622641509434
104;2;Nonflavanoid phenols;0,452830188679245
105;2;Nonflavanoid phenols;0,358490566037736
106;2;Nonflavanoid phenols;1
107;2;Nonflavanoid phenols;0,452830188679245
108;2;Nonflavanoid phenols;0,660377358490566
109;2;Nonflavanoid phenols;0,490566037735849
110;2;Nonflavanoid phenols;0,30188679245283
111;2;Nonflavanoid phenols;0,207547169811321
112;2;Nonflavanoid phenols;0,245283018867925
113;2;Nonflavanoid phenols;0,886792452830189
114;2;Nonflavanoid phenols;0,547169811320755
115;2;Nonflavanoid phenols;0,566037735849057
116;2;Nonflavanoid phenols;0,735849056603773
117;2;Nonflavanoid phenols;0,320754716981132
118;2;Nonflavanoid phenols;0,39622641509434
119;2;Nonflavanoid phenols;0,566037735849057
120;2;Nonflavanoid phenols;0,452830188679245
121;2;Nonflavanoid phenols;0,358490566037736
122;2;Nonflavanoid phenols;0,641509433962264
123;2;Nonflavanoid phenols;0,566037735849057
124;2;Nonflavanoid phenols;0,320754716981132
125;2;Nonflavanoid phenols;0,150943396226415
126;2;Nonflavanoid phenols;0,452830188679245
127;2;Nonflavanoid phenols;0,490566037735849
128;2;Nonflavanoid phenols;0,849056603773585
129;2;Nonflavanoid phenols;0,509433962264151
130;2;Nonflavanoid phenols;0,547169811320755
131;3;Nonflavanoid phenols;0,150943396226415
132;3;Nonflavanoid phenols;0,207547169811321
133;3;Nonflavanoid phenols;0,264150943396226
134;3;Nonflavanoid phenols;0,0754716981132076
135;3;Nonflavanoid phenols;0,886792452830189
136;3;Nonflavanoid phenols;0,943396226415094
137;3;Nonflavanoid phenols;0,754716981132076
138;3;Nonflavanoid phenols;0,943396226415094
139;3;Nonflavanoid phenols;0,849056603773585
140;3;Nonflavanoid phenols;0,754716981132076
141;3;Nonflavanoid phenols;0,754716981132076
142;3;Nonflavanoid phenols;0,452830188679245
143;3;Nonflavanoid phenols;0,69811320754717
144;3;Nonflavanoid phenols;0,641509433962264
145;3;Nonflavanoid phenols;0,30188679245283
146;3;Nonflavanoid phenols;0,566037735849057
147;3;Nonflavanoid phenols;0,509433962264151
148;3;Nonflavanoid phenols;0,641509433962264
149;3;Nonflavanoid phenols;0,60377358490566
150;3;Nonflavanoid phenols;0,39622641509434
151;3;Nonflavanoid phenols;0,169811320754717
152;3;Nonflavanoid phenols;0,207547169811321
153;3;Nonflavanoid phenols;0,245283018867925
154;3;Nonflavanoid phenols;0,90566037735849
155;3;Nonflavanoid phenols;0,754716981132076
156;3;Nonflavanoid phenols;0,90566037735849
157;3;Nonflavanoid phenols;0,660377358490566
158;3;Nonflavanoid phenols;0,943396226415094
159;3;Nonflavanoid phenols;0,754716981132076
160;3;Nonflavanoid phenols;0,735849056603773
161;3;Nonflavanoid phenols;0,69811320754717
162;3;Nonflavanoid phenols;0,69811320754717
163;3;Nonflavanoid phenols;0,886792452830189
164;3;Nonflavanoid phenols;0,509433962264151
165;3;Nonflavanoid phenols;0,528301886792453
166;3;Nonflavanoid phenols;0,735849056603773
167;3;Nonflavanoid phenols;0,566037735849057
168;3;Nonflavanoid phenols;0,509433962264151
169;3;Nonflavanoid phenols;0,490566037735849
170;3;Nonflavanoid phenols;0,264150943396226
171;3;Nonflavanoid phenols;0,509433962264151
172;3;Nonflavanoid phenols;0,660377358490566
173;3;Nonflavanoid phenols;0,584905660377358
174;3;Nonflavanoid phenols;0,735849056603773
175;3;Nonflavanoid phenols;0,566037735849057
176;3;Nonflavanoid phenols;0,566037735849057
177;3;Nonflavanoid phenols;0,754716981132076
178;3;Nonflavanoid phenols;0,811320754716981
1;1;Proanthocyanins;0,593059936908517
2;1;Proanthocyanins;0,274447949526814
3;1;Proanthocyanins;0,757097791798107
4;1;Proanthocyanins;0,558359621451104
5;1;Proanthocyanins;0,444794952681388
6;1;Proanthocyanins;0,49211356466877
7;1;Proanthocyanins;0,495268138801262
8;1;Proanthocyanins;0,264984227129338
9;1;Proanthocyanins;0,495268138801262
10;1;Proanthocyanins;0,454258675078864
11;1;Proanthocyanins;0,621451104100946
12;1;Proanthocyanins;0,365930599369085
13;1;Proanthocyanins;0,441640378548896
14;1;Proanthocyanins;0,757097791798107
15;1;Proanthocyanins;0,804416403785489
16;1;Proanthocyanins;0,331230283911672
17;1;Proanthocyanins;0,49211356466877
18;1;Proanthocyanins;0,413249211356467
19;1;Proanthocyanins;0,457413249211356
20;1;Proanthocyanins;0,394321766561514
21;1;Proanthocyanins;0,533123028391167
22;1;Proanthocyanins;0,495268138801262
23;1;Proanthocyanins;0,40378548895899
24;1;Proanthocyanins;0,331230283911672
25;1;Proanthocyanins;0,394321766561514
26;1;Proanthocyanins;0,476340694006309
27;1;Proanthocyanins;0,32807570977918
28;1;Proanthocyanins;0,296529968454259
29;1;Proanthocyanins;0,425867507886435
30;1;Proanthocyanins;0,495268138801262
31;1;Proanthocyanins;0,621451104100946
32;1;Proanthocyanins;0,485804416403786
33;1;Proanthocyanins;0,49211356466877
34;1;Proanthocyanins;0,296529968454259
35;1;Proanthocyanins;0,356466876971609
36;1;Proanthocyanins;0,457413249211356
37;1;Proanthocyanins;0,299684542586751
38;1;Proanthocyanins;0,324921135646688
39;1;Proanthocyanins;0,302839116719243
40;1;Proanthocyanins;0,526813880126183
41;1;Proanthocyanins;0,608832807570978
42;1;Proanthocyanins;0,337539432176656
43;1;Proanthocyanins;0,406940063091483
44;1;Proanthocyanins;0,394321766561514
45;1;Proanthocyanins;0,511041009463722
46;1;Proanthocyanins;0,264984227129338
47;1;Proanthocyanins;0,561514195583596
48;1;Proanthocyanins;0,545741324921136
49;1;Proanthocyanins;0,621451104100946
50;1;Proanthocyanins;0,526813880126183
51;1;Proanthocyanins;0,788643533123028
52;1;Proanthocyanins;0,593059936908517
53;1;Proanthocyanins;0,460567823343849
54;1;Proanthocyanins;0,400630914826498
55;1;Proanthocyanins;0,381703470031546
56;1;Proanthocyanins;0,643533123028391
57;1;Proanthocyanins;0,511041009463722
58;1;Proanthocyanins;0,394321766561514
59;1;Proanthocyanins;0,514195583596215
60;2;Proanthocyanins;0,0031545741324921
61;2;Proanthocyanins;0
62;2;Proanthocyanins;0,0662460567823344
63;2;Proanthocyanins;0,100946372239748
64;2;Proanthocyanins;0,460567823343849
65;2;Proanthocyanins;0,195583596214511
66;2;Proanthocyanins;0,526813880126183
67;2;Proanthocyanins;0,589905362776025
68;2;Proanthocyanins;0,198738170347003
69;2;Proanthocyanins;0,0031545741324921
70;2;Proanthocyanins;0,659305993690852
71;2;Proanthocyanins;0,331230283911672
72;2;Proanthocyanins;0,460567823343849
73;2;Proanthocyanins;0,195583596214511
74;2;Proanthocyanins;0,488958990536278
75;2;Proanthocyanins;0,391167192429022
76;2;Proanthocyanins;0,233438485804416
77;2;Proanthocyanins;0,331230283911672
78;2;Proanthocyanins;0,170347003154574
79;2;Proanthocyanins;0,741324921135647
80;2;Proanthocyanins;0,485804416403786
81;2;Proanthocyanins;0,321766561514196
82;2;Proanthocyanins;0,429022082018927
83;2;Proanthocyanins;0,312302839116719
84;2;Proanthocyanins;0,381703470031546
85;2;Proanthocyanins;0,61198738170347
86;2;Proanthocyanins;0,331230283911672
87;2;Proanthocyanins;0,362776025236593
88;2;Proanthocyanins;0,293375394321767
89;2;Proanthocyanins;0,296529968454259
90;2;Proanthocyanins;0,305993690851735
91;2;Proanthocyanins;0,38801261829653
92;2;Proanthocyanins;0,384858044164038
93;2;Proanthocyanins;0,381703470031546
94;2;Proanthocyanins;0,498422712933754
95;2;Proanthocyanins;0,296529968454259
96;2;Proanthocyanins;0,905362776025237
97;2;Proanthocyanins;0,362776025236593
98;2;Proanthocyanins;0,429022082018927
99;2;Proanthocyanins;0,485804416403786
100;2;Proanthocyanins;0,757097791798107
101;2;Proanthocyanins;0,312302839116719
102;2;Proanthocyanins;0,296529968454259
103;2;Proanthocyanins;0,28391167192429
104;2;Proanthocyanins;0,318611987381703
105;2;Proanthocyanins;0,337539432176656
106;2;Proanthocyanins;0,318611987381703
107;2;Proanthocyanins;0,384858044164038
108;2;Proanthocyanins;0,384858044164038
109;2;Proanthocyanins;0,526813880126183
110;2;Proanthocyanins;0,65615141955836
111;2;Proanthocyanins;1
112;2;Proanthocyanins;0,255520504731861
113;2;Proanthocyanins;0,201892744479495
114;2;Proanthocyanins;0,324921135646688
115;2;Proanthocyanins;0,198738170347003
116;2;Proanthocyanins;0,504731861198738
117;2;Proanthocyanins;0,353312302839117
118;2;Proanthocyanins;0,378548895899054
119;2;Proanthocyanins;0,132492113564669
120;2;Proanthocyanins;0,460567823343849
121;2;Proanthocyanins;0,44794952681388
122;2;Proanthocyanins;0,460567823343849
123;2;Proanthocyanins;0,410094637223975
124;2;Proanthocyanins;0,504731861198738
125;2;Proanthocyanins;0,788643533123028
126;2;Proanthocyanins;0,296529968454259
127;2;Proanthocyanins;0,429022082018927
128;2;Proanthocyanins;0,425867507886435
129;2;Proanthocyanins;0,470031545741325
130;2;Proanthocyanins;0,296529968454259
131;3;Proanthocyanins;0,167192429022082
132;3;Proanthocyanins;0,132492113564669
133;3;Proanthocyanins;0,132492113564669
134;3;Proanthocyanins;0,135646687697161
135;3;Proanthocyanins;0,264984227129338
136;3;Proanthocyanins;0,167192429022082
137;3;Proanthocyanins;0,123028391167192
138;3;Proanthocyanins;0,217665615141956
139;3;Proanthocyanins;0,148264984227129
140;3;Proanthocyanins;0,126182965299685
141;3;Proanthocyanins;0,107255520504732
142;3;Proanthocyanins;0,0725552050473186
143;3;Proanthocyanins;0,0441640378548896
144;3;Proanthocyanins;0,192429022082019
145;3;Proanthocyanins;0,230283911671924
146;3;Proanthocyanins;0,280757097791798
147;3;Proanthocyanins;0,0851735015772871
148;3;Proanthocyanins;0,141955835962145
149;3;Proanthocyanins;0,264984227129338
150;3;Proanthocyanins;0,230283911671924
151;3;Proanthocyanins;0,264984227129338
152;3;Proanthocyanins;0,26813880126183
153;3;Proanthocyanins;0,362776025236593
154;3;Proanthocyanins;0,460567823343849
155;3;Proanthocyanins;0,312302839116719
156;3;Proanthocyanins;0,359621451104101
157;3;Proanthocyanins;0,362776025236593
158;3;Proanthocyanins;0,230283911671924
159;3;Proanthocyanins;0,722397476340694
160;3;Proanthocyanins;0,593059936908517
161;3;Proanthocyanins;0,198738170347003
162;3;Proanthocyanins;0,123028391167192
163;3;Proanthocyanins;0,173501577287066
164;3;Proanthocyanins;0,167192429022082
165;3;Proanthocyanins;0,195583596214511
166;3;Proanthocyanins;0,233438485804416
167;3;Proanthocyanins;0,331230283911672
168;3;Proanthocyanins;0,176656151419558
169;3;Proanthocyanins;0,356466876971609
170;3;Proanthocyanins;0,220820189274448
171;3;Proanthocyanins;0,100946372239748
172;3;Proanthocyanins;0,0725552050473186
173;3;Proanthocyanins;0,261829652996845
174;3;Proanthocyanins;0,205047318611987
175;3;Proanthocyanins;0,315457413249211
176;3;Proanthocyanins;0,296529968454259
177;3;Proanthocyanins;0,331230283911672
178;3;Proanthocyanins;0,296529968454259
1;1;Color intensity;0,372013651877133
2;1;Color intensity;0,264505119453925
3;1;Color intensity;0,375426621160409
4;1;Color intensity;0,556313993174061
5;1;Color intensity;0,25938566552901
6;1;Color intensity;0,466723549488055
7;1;Color intensity;0,338737201365188
8;1;Color intensity;0,321672354948805
9;1;Color intensity;0,334470989761092
10;1;Color intensity;0,506825938566553
11;1;Color intensity;0,381399317406143
12;1;Color intensity;0,31740614334471
13;1;Color intensity;0,368600682593857
14;1;Color intensity;0,351535836177474
15;1;Color intensity;0,530716723549488
16;1;Color intensity;0,513651877133106
17;1;Color intensity;0,419795221843003
18;1;Color intensity;0,453924914675768
19;1;Color intensity;0,633105802047781
20;1;Color intensity;0,325938566552901
21;1;Color intensity;0,372866894197952
22;1;Color intensity;0,274744027303754
23;1;Color intensity;0,215017064846416
24;1;Color intensity;0,226109215017065
25;1;Color intensity;0,191126279863481
26;1;Color intensity;0,196245733788396
27;1;Color intensity;0,300341296928328
28;1;Color intensity;0,227815699658703
29;1;Color intensity;0,274744027303754
30;1;Color intensity;0,291808873720136
31;1;Color intensity;0,377133105802048
32;1;Color intensity;0,479522184300341
33;1;Color intensity;0,218430034129693
34;1;Color intensity;0,351535836177474
35;1;Color intensity;0,249146757679181
36;1;Color intensity;0,325938566552901
37;1;Color intensity;0,283276450511945
38;1;Color intensity;0,253412969283276
39;1;Color intensity;0,206484641638225
40;1;Color intensity;0,325938566552901
41;1;Color intensity;0,41382252559727
42;1;Color intensity;0,255972696245734
43;1;Color intensity;0,354095563139932
44;1;Color intensity;0,262798634812287
45;1;Color intensity;0,320819112627986
46;1;Color intensity;0,337883959044369
47;1;Color intensity;0,308873720136519
48;1;Color intensity;0,411262798634812
49;1;Color intensity;0,419795221843003
50;1;Color intensity;0,650170648464164
51;1;Color intensity;0,505119453924915
52;1;Color intensity;0,368600682593857
53;1;Color intensity;0,492320819112628
54;1;Color intensity;0,428327645051194
55;1;Color intensity;0,389931740614334
56;1;Color intensity;0,424061433447099
57;1;Color intensity;0,435153583617747
58;1;Color intensity;0,402730375426621
59;1;Color intensity;0,47098976109215
60;2;Color intensity;0,0571672354948806
61;2;Color intensity;0,169795221843003
62;2;Color intensity;0,381399317406143
63;2;Color intensity;0,215017064846416
64;2;Color intensity;0,270477815699659
65;2;Color intensity;0,142491467576792
66;2;Color intensity;0,283276450511945
67;2;Color intensity;0,343003412969283
68;2;Color intensity;0,290102389078498
69;2;Color intensity;0,161262798634812
70;2;Color intensity;0,133959044368601
71;2;Color intensity;0,151023890784983
72;2;Color intensity;0,179180887372014
73;2;Color intensity;0,209897610921502
74;2;Color intensity;0,176621160409556
75;2;Color intensity;0,164675767918089
76;2;Color intensity;0,215017064846416
77;2;Color intensity;0,283276450511945
78;2;Color intensity;0,116894197952218
79;2;Color intensity;0,180887372013652
80;2;Color intensity;0,110068259385666
81;2;Color intensity;0,104095563139932
82;2;Color intensity;0,223549488054607
83;2;Color intensity;0,0784982935153584
84;2;Color intensity;0,300341296928328
85;2;Color intensity;0,151023890784983
86;2;Color intensity;0,114334470989761
87;2;Color intensity;0,0998293515358362
88;2;Color intensity;0,112627986348123
89;2;Color intensity;0,129692832764505
90;2;Color intensity;0,0392491467576792
91;2;Color intensity;0,0955631399317406
92;2;Color intensity;0,197952218430034
93;2;Color intensity;0,151023890784983
94;2;Color intensity;0,0742320819112628
95;2;Color intensity;0,168088737201365
96;2;Color intensity;0,112627986348123
97;2;Color intensity;0,104095563139932
98;2;Color intensity;0,138225255972696
99;2;Color intensity;0,274744027303754
100;2;Color intensity;0,0870307167235495
101;2;Color intensity;0,172354948805461
102;2;Color intensity;0,0998293515358362
103;2;Color intensity;0,129692832764505
104;2;Color intensity;0,0665529010238908
105;2;Color intensity;0,141638225255973
106;2;Color intensity;0,121160409556314
107;2;Color intensity;0,180887372013652
108;2;Color intensity;0,172354948805461
109;2;Color intensity;0,121160409556314
110;2;Color intensity;0,116894197952218
111;2;Color intensity;0,138225255972696
112;2;Color intensity;0,0614334470989761
113;2;Color intensity;0,215017064846416
114;2;Color intensity;0,15358361774744
115;2;Color intensity;0,138225255972696
116;2;Color intensity;0,052901023890785
117;2;Color intensity;0,0571672354948806
118;2;Color intensity;0,0665529010238908
119;2;Color intensity;0,180887372013652
120;2;Color intensity;0
121;2;Color intensity;0,168088737201365
122;2;Color intensity;0,402730375426621
123;2;Color intensity;0,068259385665529
124;2;Color intensity;0,112627986348123
125;2;Color intensity;0,129692832764505
126;2;Color intensity;0,126279863481229
127;2;Color intensity;0,226962457337884
128;2;Color intensity;0,146757679180887
129;2;Color intensity;0,0716723549488055
130;2;Color intensity;0,112627986348123
131;3;Color intensity;0,24061433447099
132;3;Color intensity;0,351535836177474
133;3;Color intensity;0,377133105802048
134;3;Color intensity;0,31740614334471
135;3;Color intensity;0,35580204778157
136;3;Color intensity;0,496587030716723
137;3;Color intensity;0,219283276450512
138;3;Color intensity;0,31740614334471
139;3;Color intensity;0,377133105802048
140;3;Color intensity;0,310580204778157
141;3;Color intensity;0,283276450511945
142;3;Color intensity;0,368600682593857
143;3;Color intensity;0,261945392491467
144;3;Color intensity;0,266211604095563
145;3;Color intensity;0,591296928327645
146;3;Color intensity;0,232081911262799
147;3;Color intensity;0,308873720136519
148;3;Color intensity;0,543515358361775
149;3;Color intensity;0,609215017064846
150;3;Color intensity;0,69283276450512
151;3;Color intensity;0,62457337883959
152;3;Color intensity;0,812286689419795
153;3;Color intensity;0,496587030716723
154;3;Color intensity;0,78839590443686
155;3;Color intensity;0,539249146757679
156;3;Color intensity;0,564846416382253
157;3;Color intensity;0,659556313993174
158;3;Color intensity;0,530716723549488
159;3;Color intensity;1
160;3;Color intensity;0,893344709897611
161;3;Color intensity;0,543515358361775
162;3;Color intensity;0,392491467576792
163;3;Color intensity;0,366894197952218
164;3;Color intensity;0,341296928327645
165;3;Color intensity;0,708191126279863
166;3;Color intensity;0,455631399317406
167;3;Color intensity;0,802047781569966
168;3;Color intensity;0,766211604095563
169;3;Color intensity;0,629692832764505
170;3;Color intensity;0,616040955631399
171;3;Color intensity;0,360068259385665
172;3;Color intensity;0,735494795221843
173;3;Color intensity;0,718430034129693
174;3;Color intensity;0,54778156996587
175;3;Color intensity;0,513651877133106
176;3;Color intensity;0,761092150170648
177;3;Color intensity;0,684300341296928
178;3;Color intensity;0,675767918088737
1;1;Hue;0,455284552845528
2;1;Hue;0,463414634146342
3;1;Hue;0,447154471544715
4;1;Hue;0,308943089430894
5;1;Hue;0,455284552845528
6;1;Hue;0,463414634146342
7;1;Hue;0,439024390243903
8;1;Hue;0,471544715447155
9;1;Hue;0,487804878048781
10;1;Hue;0,430894308943089
11;1;Hue;0,626016260162602
12;1;Hue;0,560975609756097
13;1;Hue;0,544715447154471
14;1;Hue;0,626016260162602
15;1;Hue;0,585365853658537
16;1;Hue;0,650406504065041
17;1;Hue;0,479674796747968
18;1;Hue;0,528455284552846
19;1;Hue;0,609756097560976
20;1;Hue;0,390243902439024
21;1;Hue;0,495934959349594
22;1;Hue;0,447154471544715
23;1;Hue;0,51219512195122
24;1;Hue;0,495934959349594
25;1;Hue;0,520325203252033
26;1;Hue;0,528455284552846
27;1;Hue;0,357723577235772
28;1;Hue;0,439024390243903
29;1;Hue;0,626016260162602
30;1;Hue;0,455284552845528
31;1;Hue;0,577235772357724
32;1;Hue;0,495934959349594
33;1;Hue;0,609756097560976
34;1;Hue;0,626016260162602
35;1;Hue;0,504065040650407
36;1;Hue;0,455284552845528
37;1;Hue;0,495934959349594
38;1;Hue;0,520325203252033
39;1;Hue;0,569105691056911
40;1;Hue;0,333333333333333
41;1;Hue;0,382113821138211
42;1;Hue;0,349593495934959
43;1;Hue;0,32520325203252
44;1;Hue;0,276422764227642
45;1;Hue;0,32520325203252
46;1;Hue;0,317073170731707
47;1;Hue;0,455284552845528
48;1;Hue;0,349593495934959
49;1;Hue;0,479674796747968
50;1;Hue;0,520325203252033
51;1;Hue;0,520325203252033
52;1;Hue;0,617886178861789
53;1;Hue;0,430894308943089
54;1;Hue;0,528455284552846
55;1;Hue;0,357723577235772
56;1;Hue;0,40650406504065
57;1;Hue;0,373983739837398
58;1;Hue;0,479674796747968
59;1;Hue;0,333333333333333
60;2;Hue;0,463414634146342
61;2;Hue;0,626016260162602
62;2;Hue;0,40650406504065
63;2;Hue;0,609756097560976
64;2;Hue;0,601626016260163
65;2;Hue;0,788617886178862
66;2;Hue;0,577235772357724
67;2;Hue;0,520325203252033
68;2;Hue;0,520325203252033
69;2;Hue;0,439024390243903
70;2;Hue;0,650406504065041
71;2;Hue;0,346341463414634
72;2;Hue;0,715447154471545
73;2;Hue;0,40650406504065
74;2;Hue;0,67479674796748
75;2;Hue;0,414634146341463
76;2;Hue;0,609756097560976
77;2;Hue;0,577235772357724
78;2;Hue;0,390243902439024
79;2;Hue;0,471544715447155
80;2;Hue;0,577235772357724
81;2;Hue;0,731707317073171
82;2;Hue;0,552845528455285
83;2;Hue;0,67479674796748
84;2;Hue;0,292682926829268
85;2;Hue;0,252032520325203
86;2;Hue;0,609756097560976
87;2;Hue;0,691056910569106
88;2;Hue;0,715447154471545
89;2;Hue;0,422764227642276
90;2;Hue;0,479674796747968
91;2;Hue;0,487804878048781
92;2;Hue;0,463414634146342
93;2;Hue;0,390243902439024
94;2;Hue;0,544715447154471
95;2;Hue;0,552845528455285
96;2;Hue;0,552845528455285
97;2;Hue;0,382113821138211
98;2;Hue;0,609756097560976
99;2;Hue;0,455284552845528
100;2;Hue;0,764227642276423
101;2;Hue;0,642276422764228
102;2;Hue;0,455284552845528
103;2;Hue;0,260162601626016
104;2;Hue;0,373983739837398
105;2;Hue;0,455284552845528
106;2;Hue;0,308943089430894
107;2;Hue;0,422764227642276
108;2;Hue;0,32520325203252
109;2;Hue;0,308943089430894
110;2;Hue;0,390243902439024
111;2;Hue;0,219512195121951
112;2;Hue;0,341463414634146
113;2;Hue;0,609756097560976
114;2;Hue;0,504065040650407
115;2;Hue;0,365853658536585
116;2;Hue;1
117;2;Hue;0,382113821138211
118;2;Hue;0,471544715447155
119;2;Hue;0,178861788617886
120;2;Hue;0,365853658536585
121;2;Hue;0,260162601626016
122;2;Hue;0,365853658536585
123;2;Hue;0,357723577235772
124;2;Hue;0,203252032520325
125;2;Hue;0,219512195121951
126;2;Hue;0,308943089430894
127;2;Hue;0,170731707317073
128;2;Hue;0,398373983739837
129;2;Hue;0,333333333333333
130;2;Hue;0,252032520325203
131;3;Hue;0,227642276422764
132;3;Hue;0,211382113821138
133;3;Hue;0,146341463414634
134;3;Hue;0,24390243902439
135;3;Hue;0,219512195121951
136;3;Hue;0,203252032520325
137;3;Hue;0,219512195121951
138;3;Hue;0,276422764227642
139;3;Hue;0,268292682926829
140;3;Hue;0,333333333333333
141;3;Hue;0,235772357723577
142;3;Hue;0,178861788617886
143;3;Hue;0,333333333333333
144;3;Hue;0,349593495934959
145;3;Hue;0,138211382113821
146;3;Hue;0,0975609756097562
147;3;Hue;0,0813008130081301
148;3;Hue;0,0487804878048781
149;3;Hue;0,0569105691056911
150;3;Hue;0,0731707317073171
151;3;Hue;0,0894308943089431
152;3;Hue;0
153;3;Hue;0,105691056910569
154;3;Hue;0,0650406504065041
155;3;Hue;0,0813008130081301
156;3;Hue;0,0975609756097562
157;3;Hue;0,0731707317073171
158;3;Hue;0,154471544715447
159;3;Hue;0,0731707317073171
160;3;Hue;0,0731707317073171
161;3;Hue;0,0650406504065041
162;3;Hue;0,390243902439024
163;3;Hue;0,317073170731707
164;3;Hue;0,16260162601626
165;3;Hue;0,178861788617886
166;3;Hue;0,24390243902439
167;3;Hue;0,300813008130081
168;3;Hue;0,195121951219512
169;3;Hue;0,211382113821138
170;3;Hue;0,154471544715447
171;3;Hue;0,146341463414634
172;3;Hue;0,0731707317073171
173;3;Hue;0,113821138211382
174;3;Hue;0,130081300813008
175;3;Hue;0,178861788617886
176;3;Hue;0,0894308943089431
177;3;Hue;0,0975609756097562
178;3;Hue;0,105691056910569
1;1;OD280/OD315 of diluted wines;0,970695970695971
2;1;OD280/OD315 of diluted wines;0,78021978021978
3;1;OD280/OD315 of diluted wines;0,695970695970696
4;1;OD280/OD315 of diluted wines;0,798534798534799
5;1;OD280/OD315 of diluted wines;0,608058608058608
6;1;OD280/OD315 of diluted wines;0,578754578754579
7;1;OD280/OD315 of diluted wines;0,846153846153846
8;1;OD280/OD315 of diluted wines;0,846153846153846
9;1;OD280/OD315 of diluted wines;0,578754578754579
10;1;OD280/OD315 of diluted wines;0,835164835164835
11;1;OD280/OD315 of diluted wines;0,695970695970696
12;1;OD280/OD315 of diluted wines;0,567765567765568
13;1;OD280/OD315 of diluted wines;0,597069597069597
14;1;OD280/OD315 of diluted wines;0,534798534798535
15;1;OD280/OD315 of diluted wines;0,633699633699634
16;1;OD280/OD315 of diluted wines;0,58974358974359
17;1;OD280/OD315 of diluted wines;0,505494505494506
18;1;OD280/OD315 of diluted wines;0,476190476190476
19;1;OD280/OD315 of diluted wines;0,567765567765568
20;1;OD280/OD315 of diluted wines;0,765567765567766
21;1;OD280/OD315 of diluted wines;0,893772893772894
22;1;OD280/OD315 of diluted wines;0,824175824175824
23;1;OD280/OD315 of diluted wines;1
24;1;OD280/OD315 of diluted wines;0,864468864468864
25;1;OD280/OD315 of diluted wines;0,934065934065934
26;1;OD280/OD315 of diluted wines;0,706959706959707
27;1;OD280/OD315 of diluted wines;0,714285714285714
28;1;OD280/OD315 of diluted wines;0,549450549450549
29;1;OD280/OD315 of diluted wines;0,78021978021978
30;1;OD280/OD315 of diluted wines;0,84981684981685
31;1;OD280/OD315 of diluted wines;0,527472527472527
32;1;OD280/OD315 of diluted wines;0,58974358974359
33;1;OD280/OD315 of diluted wines;0,586080586080586
34;1;OD280/OD315 of diluted wines;0,633699633699634
35;1;OD280/OD315 of diluted wines;0,586080586080586
36;1;OD280/OD315 of diluted wines;0,805860805860806
37;1;OD280/OD315 of diluted wines;0,553113553113553
38;1;OD280/OD315 of diluted wines;0,454212454212454
39;1;OD280/OD315 of diluted wines;0,52014652014652
40;1;OD280/OD315 of diluted wines;0,827838827838828
41;1;OD280/OD315 of diluted wines;0,772893772893773
42;1;OD280/OD315 of diluted wines;0,633699633699634
43;1;OD280/OD315 of diluted wines;0,838827838827839
44;1;OD280/OD315 of diluted wines;0,633699633699634
45;1;OD280/OD315 of diluted wines;0,761904761904762
46;1;OD280/OD315 of diluted wines;0,754578754578755
47;1;OD280/OD315 of diluted wines;0,794871794871795
48;1;OD280/OD315 of diluted wines;0,754578754578755
49;1;OD280/OD315 of diluted wines;0,542124542124542
50;1;OD280/OD315 of diluted wines;0,67032967032967
51;1;OD280/OD315 of diluted wines;0,600732600732601
52;1;OD280/OD315 of diluted wines;0,769230769230769
53;1;OD280/OD315 of diluted wines;0,728937728937729
54;1;OD280/OD315 of diluted wines;0,608058608058608
55;1;OD280/OD315 of diluted wines;0,706959706959707
56;1;OD280/OD315 of diluted wines;0,644688644688645
57;1;OD280/OD315 of diluted wines;0,747252747252747
58;1;OD280/OD315 of diluted wines;0,575091575091575
59;1;OD280/OD315 of diluted wines;0,586080586080586
60;2;OD280/OD315 of diluted wines;0,201465201465201
61;2;OD280/OD315 of diluted wines;0,146520146520146
62;2;OD280/OD315 of diluted wines;0,117216117216117
63;2;OD280/OD315 of diluted wines;0,435897435897436
64;2;OD280/OD315 of diluted wines;0,586080586080586
65;2;OD280/OD315 of diluted wines;0,351648351648352
66;2;OD280/OD315 of diluted wines;0,377289377289377
67;2;OD280/OD315 of diluted wines;0,6996336996337
68;2;OD280/OD315 of diluted wines;0,80952380952381
69;2;OD280/OD315 of diluted wines;0,241758241758242
70;2;OD280/OD315 of diluted wines;0,659340659340659
71;2;OD280/OD315 of diluted wines;0,201465201465201
72;2;OD280/OD315 of diluted wines;0,692307692307692
73;2;OD280/OD315 of diluted wines;0,553113553113553
74;2;OD280/OD315 of diluted wines;0,816849816849817
75;2;OD280/OD315 of diluted wines;0,681318681318681
76;2;OD280/OD315 of diluted wines;0,318681318681319
77;2;OD280/OD315 of diluted wines;0,443223443223443
78;2;OD280/OD315 of diluted wines;0,457875457875458
79;2;OD280/OD315 of diluted wines;0,380952380952381
80;2;OD280/OD315 of diluted wines;0,681318681318681
81;2;OD280/OD315 of diluted wines;0,677655677655678
82;2;OD280/OD315 of diluted wines;0,684981684981685
83;2;OD280/OD315 of diluted wines;0,531135531135531
84;2;OD280/OD315 of diluted wines;0,271062271062271
85;2;OD280/OD315 of diluted wines;0,663003663003663
86;2;OD280/OD315 of diluted wines;0,692307692307692
87;2;OD280/OD315 of diluted wines;0,362637362637363
88;2;OD280/OD315 of diluted wines;0,710622710622711
89;2;OD280/OD315 of diluted wines;0,542124542124542
90;2;OD280/OD315 of diluted wines;0,710622710622711
91;2;OD280/OD315 of diluted wines;0,366300366300366
92;2;OD280/OD315 of diluted wines;0,505494505494506
93;2;OD280/OD315 of diluted wines;0,289377289377289
94;2;OD280/OD315 of diluted wines;0,743589743589743
95;2;OD280/OD315 of diluted wines;0,619047619047619
96;2;OD280/OD315 of diluted wines;0,498168498168498
97;2;OD280/OD315 of diluted wines;0,362637362637363
98;2;OD280/OD315 of diluted wines;0,538461538461539
99;2;OD280/OD315 of diluted wines;0,549450549450549
100;2;OD280/OD315 of diluted wines;0,571428571428571
101;2;OD280/OD315 of diluted wines;0,619047619047619
102;2;OD280/OD315 of diluted wines;0,549450549450549
103;2;OD280/OD315 of diluted wines;0,772893772893773
104;2;OD280/OD315 of diluted wines;0,428571428571429
105;2;OD280/OD315 of diluted wines;0,842490842490843
106;2;OD280/OD315 of diluted wines;0,743589743589743
107;2;OD280/OD315 of diluted wines;0,695970695970696
108;2;OD280/OD315 of diluted wines;0,421245421245421
109;2;OD280/OD315 of diluted wines;0,641025641025641
110;2;OD280/OD315 of diluted wines;0,728937728937729
111;2;OD280/OD315 of diluted wines;0,564102564102564
112;2;OD280/OD315 of diluted wines;0,553113553113553
113;2;OD280/OD315 of diluted wines;0,450549450549451
114;2;OD280/OD315 of diluted wines;0,380952380952381
115;2;OD280/OD315 of diluted wines;0,703296703296703
116;2;OD280/OD315 of diluted wines;0,586080586080586
117;2;OD280/OD315 of diluted wines;0,754578754578755
118;2;OD280/OD315 of diluted wines;0,619047619047619
119;2;OD280/OD315 of diluted wines;0,311355311355311
120;2;OD280/OD315 of diluted wines;0,652014652014652
121;2;OD280/OD315 of diluted wines;0,776556776556777
122;2;OD280/OD315 of diluted wines;0,886446886446886
123;2;OD280/OD315 of diluted wines;0,677655677655678
124;2;OD280/OD315 of diluted wines;0,67032967032967
125;2;OD280/OD315 of diluted wines;0,868131868131868
126;2;OD280/OD315 of diluted wines;0,736263736263736
127;2;OD280/OD315 of diluted wines;0,575091575091575
128;2;OD280/OD315 of diluted wines;0,428571428571429
129;2;OD280/OD315 of diluted wines;0,553113553113553
130;2;OD280/OD315 of diluted wines;0,476190476190476
131;3;OD280/OD315 of diluted wines;0,00732600732600733
132;3;OD280/OD315 of diluted wines;0,0549450549450549
133;3;OD280/OD315 of diluted wines;0,0329670329670329
134;3;OD280/OD315 of diluted wines;0,00732600732600733
135;3;OD280/OD315 of diluted wines;0,0879120879120879
136;3;OD280/OD315 of diluted wines;0,113553113553114
137;3;OD280/OD315 of diluted wines;0
138;3;OD280/OD315 of diluted wines;0,153846153846154
139;3;OD280/OD315 of diluted wines;0,201465201465201
140;3;OD280/OD315 of diluted wines;0,322344322344322
141;3;OD280/OD315 of diluted wines;0,380952380952381
142;3;OD280/OD315 of diluted wines;0,43956043956044
143;3;OD280/OD315 of diluted wines;0,289377289377289
144;3;OD280/OD315 of diluted wines;0,285714285714286
145;3;OD280/OD315 of diluted wines;0,267399267399267
146;3;OD280/OD315 of diluted wines;0,15018315018315
147;3;OD280/OD315 of diluted wines;0,021978021978022
148;3;OD280/OD315 of diluted wines;0,216117216117216
149;3;OD280/OD315 of diluted wines;0,128205128205128
150;3;OD280/OD315 of diluted wines;0,021978021978022
151;3;OD280/OD315 of diluted wines;0,010989010989011
152;3;OD280/OD315 of diluted wines;0,0732600732600733
153;3;OD280/OD315 of diluted wines;0,021978021978022
154;3;OD280/OD315 of diluted wines;0,0879120879120879
155;3;OD280/OD315 of diluted wines;0,102564102564103
156;3;OD280/OD315 of diluted wines;0,0769230769230769
157;3;OD280/OD315 of diluted wines;0,135531135531136
158;3;OD280/OD315 of diluted wines;0,168498168498168
159;3;OD280/OD315 of diluted wines;0,252747252747253
160;3;OD280/OD315 of diluted wines;0,186813186813187
161;3;OD280/OD315 of diluted wines;0,113553113553114
162;3;OD280/OD315 of diluted wines;0,201465201465201
163;3;OD280/OD315 of diluted wines;0,307692307692308
164;3;OD280/OD315 of diluted wines;0,175824175824176
165;3;OD280/OD315 of diluted wines;0,15018315018315
166;3;OD280/OD315 of diluted wines;0,175824175824176
167;3;OD280/OD315 of diluted wines;0,106227106227106
168;3;OD280/OD315 of diluted wines;0,175824175824176
169;3;OD280/OD315 of diluted wines;0,194139194139194
170;3;OD280/OD315 of diluted wines;0,238095238095238
171;3;OD280/OD315 of diluted wines;0,205128205128205
172;3;OD280/OD315 of diluted wines;0,131868131868132
173;3;OD280/OD315 of diluted wines;0,161172161172161
174;3;OD280/OD315 of diluted wines;0,172161172161172
175;3;OD280/OD315 of diluted wines;0,106227106227106
176;3;OD280/OD315 of diluted wines;0,106227106227106
177;3;OD280/OD315 of diluted wines;0,128205128205128
178;3;OD280/OD315 of diluted wines;0,120879120879121
1;1;Proline;0,561340941512126
2;1;Proline;0,550641940085592
3;1;Proline;0,646932952924394
4;1;Proline;0,85734664764622
5;1;Proline;0,325962910128388
6;1;Proline;0,835948644793153
7;1;Proline;0,721825962910128
8;1;Proline;0,725392296718973
9;1;Proline;0,547075606276747
10;1;Proline;0,547075606276747
11;1;Proline;0,878744650499287
12;1;Proline;0,714693295292439
13;1;Proline;0,743223965763195
14;1;Proline;0,621968616262482
15;1;Proline;0,905135520684736
16;1;Proline;0,736091298145506
17;1;Proline;0,714693295292439
18;1;Proline;0,607703281027104
19;1;Proline;1
20;1;Proline;0,404422253922967
21;1;Proline;0,358059914407989
22;1;Proline;0,3509272467903
23;1;Proline;0,539942938659059
24;1;Proline;0,52567760342368
25;1;Proline;0,404422253922967
26;1;Proline;0,393723252496434
27;1;Proline;0,654065620542083
28;1;Proline;0,718259629101284
29;1;Proline;0,45435092724679
30;1;Proline;0,539942938659059
31;1;Proline;0,718259629101284
32;1;Proline;0,882310984308131
33;1;Proline;0,507845934379458
34;1;Proline;0,682596291012839
35;1;Proline;0,582738944365193
36;1;Proline;0,457917261055635
37;1;Proline;0,429386590584879
38;1;Proline;0,589871611982882
39;1;Proline;0,529243937232525
40;1;Proline;0,343794579172611
41;1;Proline;0,368758915834522
42;1;Proline;0,539942938659059
43;1;Proline;0,582738944365193
44;1;Proline;0,286733238231098
45;1;Proline;0,432952924393723
46;1;Proline;0,572039942938659
47;1;Proline;0,561340941512126
48;1;Proline;0,504279600570613
49;1;Proline;0,557774607703281
50;1;Proline;0,700427960057061
51;1;Proline;0,621968616262482
52;1;Proline;0,703994293865906
53;1;Proline;0,650499286733238
54;1;Proline;0,782453637660485
55;1;Proline;0,557774607703281
56;1;Proline;0,600570613409415
57;1;Proline;0,49358059914408
58;1;Proline;0,70756062767475
59;1;Proline;0,718259629101284
60;2;Proline;0,172610556348074
61;2;Proline;0,286733238231098
62;2;Proline;0,122681883024251
63;2;Proline;0,251069900142653
64;2;Proline;0,101283880171184
65;2;Proline;0,0549215406562054
66;2;Proline;0,285306704707561
67;2;Proline;0,159771754636234
68;2;Proline;0,165477888730385
69;2;Proline;0,336661911554921
70;2;Proline;0,313837375178317
71;2;Proline;0,42225392296719
72;2;Proline;0,094151212553495
73;2;Proline;0,138373751783167
74;2;Proline;0,504279600570613
75;2;Proline;0,433666191155492
76;2;Proline;0,106990014265335
77;2;Proline;0,0813124108416548
78;2;Proline;0,158345221112696
79;2;Proline;0,336661911554921
80;2;Proline;0,131954350927247
81;2;Proline;0
82;2;Proline;0,310984308131241
83;2;Proline;0,251069900142653
84;2;Proline;0,16904422253923
85;2;Proline;0,172610556348074
86;2;Proline;0,122681883024251
87;2;Proline;0,154778887303852
88;2;Proline;0,202567760342368
89;2;Proline;0,286733238231098
90;2;Proline;0,247503566333809
91;2;Proline;0,144079885877318
92;2;Proline;0,122681883024251
93;2;Proline;0,154778887303852
94;2;Proline;0,00855920114122682
95;2;Proline;0,0477888730385164
96;2;Proline;0,470042796005706
97;2;Proline;0,247503566333809
98;2;Proline;0,106990014265335
99;2;Proline;0,27246790299572
100;2;Proline;0,0912981455064194
101;2;Proline;0,308131241084165
102;2;Proline;0,202567760342368
103;2;Proline;0,114122681883024
104;2;Proline;0,0977175463623395
105;2;Proline;0,281027104136947
106;2;Proline;0,0263908701854494
107;2;Proline;0,165477888730385
108;2;Proline;0,149786019971469
109;2;Proline;0,0242510699001427
110;2;Proline;0,286733238231098
111;2;Proline;0,202567760342368
112;2;Proline;0,0335235378031384
113;2;Proline;0,234664764621969
114;2;Proline;0,111269614835949
115;2;Proline;0,0763195435092725
116;2;Proline;0,0920114122681883
117;2;Proline;0,154778887303852
118;2;Proline;0,0477888730385164
119;2;Proline;0,0670470756062768
120;2;Proline;0,203994293865906
121;2;Proline;0,247503566333809
122;2;Proline;0,133380884450785
123;2;Proline;0,0620542082738944
124;2;Proline;0,072753209700428
125;2;Proline;0,072753209700428
126;2;Proline;0,0713266761768902
127;2;Proline;0,0527817403708987
128;2;Proline;0,134094151212553
129;2;Proline;0,0456490727532097
130;2;Proline;0,215406562054208
131;3;Proline;0,251069900142653
132;3;Proline;0,179743223965763
133;3;Proline;0,20114122681883
134;3;Proline;0,229671897289586
135;3;Proline;0,265335235378031
136;3;Proline;0,297432239657632
137;3;Proline;0,315263908701854
138;3;Proline;0,16904422253923
139;3;Proline;0,215406562054208
140;3;Proline;0,222539229671897
141;3;Proline;0,229671897289586
142;3;Proline;0,358059914407989
143;3;Proline;0,172610556348074
144;3;Proline;0,194008559201141
145;3;Proline;0,411554921540656
146;3;Proline;0,393723252496434
147;3;Proline;0,0977175463623395
148;3;Proline;0,247503566333809
149;3;Proline;0,265335235378031
150;3;Proline;0,194008559201141
151;3;Proline;0,158345221112696
152;3;Proline;0,144079885877318
153;3;Proline;0,104850213980029
154;3;Proline;0,283166904422254
155;3;Proline;0,258202567760342
156;3;Proline;0,318830242510699
157;3;Proline;0,144079885877318
158;3;Proline;0,429386590584879
159;3;Proline;0,27246790299572
160;3;Proline;0,243937232524964
161;3;Proline;0,172610556348074
162;3;Proline;0,286733238231098
163;3;Proline;0,208273894436519
164;3;Proline;0,283166904422254
165;3;Proline;0,24037089871612
166;3;Proline;0,172610556348074
167;3;Proline;0,297432239657632
168;3;Proline;0,290299572039943
169;3;Proline;0,336661911554921
170;3;Proline;0,251069900142653
171;3;Proline;0,165477888730385
172;3;Proline;0,136947218259629
173;3;Proline;0,27246790299572
174;3;Proline;0,329529243937232
175;3;Proline;0,336661911554921
176;3;Proline;0,397289586305278
177;3;Proline;0,400855920114123
178;3;Proline;0,20114122681883
