"variance","skewness","curtosis","entropy","class"
-0.64472,-4.6062,8.347,-2.7099,"genuine"
0.89512,4.7738,-4.8431,-5.5909,"forgery"
2.877,-4.0599,3.6259,-0.32544,"genuine"
-2.2987,-5.227,5.63,0.91722,"forgery"
-2.3242,11.5176,1.8231,-5.375,"genuine"
-0.16682,5.8974,0.49839,-0.70044,"genuine"
-2.9821,4.1986,-0.5898,-3.9642,"forgery"
2.1464,6.0795,-0.5778,-2.2302,"genuine"
2.3718,7.4908,0.015989,-1.7414,"genuine"
-4.9447,3.3005,1.063,-1.444,"forgery"
-2.9498,-8.273,10.2646,1.1629,"forgery"
4.4072,-0.070365,2.0416,1.1319,"genuine"
-3.6053,-5.974,10.0916,-0.82846,"forgery"
1.3183,1.9017,-3.3111,0.065071,"forgery"
0.11806,0.39108,-0.98223,0.42843,"forgery"
3.534,9.3614,-3.6316,-1.2461,"genuine"
4.0948,-2.9674,2.3689,0.75429,"genuine"
5.4021,3.1039,-1.1536,1.5651,"genuine"
4.1373,0.49248,1.093,1.8276,"genuine"
1.3234,3.2964,0.2362,-0.11984,"genuine"
3.7791,2.5762,1.3098,0.5655,"genuine"
0.52374,3.644,-4.0746,-1.9909,"forgery"
2.7296,2.8701,0.51124,0.5099,"genuine"
2.6682,10.216,-3.4414,-4.0069,"genuine"
4.6054,-4.0765,2.7587,0.31981,"genuine"
2.5635,6.7769,-0.61979,0.38576,"genuine"
0.26637,0.73252,-0.67891,0.03533,"forgery"
-3.38,-0.7077,2.5325,0.71808,"forgery"
3.6277,0.9829,0.68861,0.63403,"genuine"
-1.9983,-6.6072,4.8254,-0.41984,"forgery"
-4.8554,-5.9037,10.9818,-0.82199,"forgery"
3.0242,-3.3378,2.5865,-0.54785,"genuine"
2.1319,-2.0403,2.5574,-0.061652,"genuine"
-3.2692,-12.7406,15.5573,-0.14182,"forgery"
2.4226,-4.5752,5.947,0.21507,"genuine"
4.3239,-4.8835,3.4356,-0.5776,"genuine"
1.143,0.83391,5.4552,-0.56984,"genuine"
-0.96511,9.4111,1.7305,-4.8629,"genuine"
-1.3968,-9.6698,9.4652,-0.34872,"forgery"
-1.7104,-4.778,6.2109,0.3974,"forgery"
-0.97325,-6.4168,5.6026,1.0323,"forgery"
-6.3364,9.2848,0.014275,-6.7844,"forgery"
0.21431,-0.69529,0.87711,0.29653,"forgery"
-2.2482,3.0915,-2.3969,-2.6711,"forgery"
-2.6864,-0.097265,0.61663,0.061192,"forgery"
0.31803,-0.99326,1.0947,0.88619,"forgery"
0.7376,4.8525,-4.7986,-5.6659,"forgery"
2.5328,7.528,-0.41929,-2.6478,"genuine"
3.9121,2.9735,0.92852,0.60558,"genuine"
-1.9458,11.2217,1.9079,-3.4405,"genuine"
-0.7869,9.5663,-3.7867,-7.5034,"genuine"
2.4235,9.5332,-3.0789,-2.7746,"genuine"
-1.0555,0.79459,-1.6968,-0.46768,"forgery"
-0.11783,-1.5789,8.03,-0.028031,"genuine"
2.2928,9.0386,-3.2417,-1.2991,"genuine"
-2.8957,-12.0205,11.9149,-2.7552,"forgery"
-4.6765,-5.6636,10.969,-0.33449,"forgery"
1.9358,8.1654,-0.023425,-2.2586,"genuine"
4.9264,5.496,-2.4774,-0.50648,"genuine"
-1.8969,-6.7893,5.2761,-0.32544,"forgery"
4.8906,-3.3584,3.4202,1.0905,"genuine"
-2.659,-1.6058,1.3647,0.16464,"forgery"
-3.3582,-7.2404,11.4419,-0.57113,"forgery"
0.90407,3.3708,-4.4987,-3.6965,"forgery"
4.7181,10.0153,-3.9486,-3.8582,"genuine"
-4.0025,-13.4979,17.6772,-3.3202,"forgery"
5.1776,8.2316,-3.2511,-1.5694,"genuine"
0.72252,-0.053811,5.6703,-1.3509,"genuine"
-3.9172,2.6652,0.78886,-0.7819,"forgery"
1.2999,2.5762,2.0107,-0.18967,"genuine"
4.8851,1.5995,-0.00029081,1.6401,"genuine"
-2.0659,1.0512,-0.46298,-1.0974,"forgery"
2.3969,0.23589,4.8477,1.437,"genuine"
-7.0421,9.2,0.25933,-4.6832,"forgery"
3.4647,-3.9172,3.9746,0.36119,"genuine"
0.25943,5.0097,-5.0394,-6.3862,"forgery"
0.23874,2.0879,-3.3522,-0.66553,"forgery"
4.7965,6.9859,-1.9967,-0.35001,"genuine"
-2.7028,1.6327,0.83598,-0.091393,"forgery"
-3.3863,-12.9889,13.0545,-2.7202,"forgery"
-0.87834,3.257,-3.6778,-3.2944,"forgery"
5.0214,8.0764,-3.0515,-1.7155,"genuine"
4.0102,10.6568,-4.1388,-5.0646,"genuine"
2.108,6.7955,-0.1708,0.4905,"genuine"
2.1274,5.1939,-1.7971,-1.1763,"genuine"
-2.0662,0.16967,-1.0054,-0.82975,"forgery"
2.6415,7.586,-0.28562,-1.6677,"genuine"
4.2969,7.617,-2.3874,-0.96164,"genuine"
0.96708,3.8426,-4.9314,-4.1323,"forgery"
-2.8391,-6.63,10.4849,-0.42113,"forgery"
-0.74324,-0.32902,-0.42785,0.23317,"forgery"
1.934,-9.2828e-06,4.816,-0.33967,"genuine"
5.2418,10.5388,-4.1174,-4.2797,"genuine"
5.8519,5.3905,-2.4037,-0.061652,"genuine"
0.83292,7.5404,0.65005,-0.92544,"genuine"
-2.5754,-5.6574,6.103,0.65214,"forgery"
-1.4904,-2.2183,1.6054,0.89394,"forgery"
3.9362,10.1622,-3.8235,-4.0172,"genuine"
3.577,2.4004,1.8908,0.73231,"genuine"
-0.93587,-5.1008,4.5367,1.3866,"forgery"
4.6439,-3.3729,2.5976,0.55257,"genuine"
-2.2527,11.5321,2.5899,-3.2737,"genuine"
-4.0173,-8.3123,12.4547,-1.4375,"forgery"
-1.8356,-6.7562,5.0585,-0.55044,"forgery"
-3.1128,-6.841,10.7402,-1.0172,"forgery"
0.6005,1.9327,-3.2888,-0.32415,"forgery"
1.0191,2.33,4.9334,0.82929,"genuine"
-0.52645,-0.24832,-0.45613,0.41938,"forgery"
-0.71494,-4.4448,2.2241,0.49826,"forgery"
-5.0301,7.5032,-0.13396,-7.5034,"forgery"
4.0713,10.4023,-4.1722,-4.7582,"genuine"
-2.9672,-13.2869,13.4727,-2.6271,"forgery"
4.0026,-3.5943,3.5573,0.26809,"genuine"
3.8999,1.734,1.6011,0.96765,"genuine"
-0.81479,-5.7381,4.3919,0.3211,"forgery"
1.3349,6.1189,0.46497,0.49826,"genuine"
3.4805,9.7008,-3.7541,-3.4379,"genuine"
-0.8734,-0.033118,-0.20165,0.55774,"forgery"
-3.8858,-12.8461,12.7957,-3.1353,"forgery"
-2.0066,-6.719,9.0162,0.099985,"forgery"
0.98296,3.4226,-3.9692,-1.7116,"forgery"
-2.484,12.1611,2.8204,-3.7418,"genuine"
1.5631,0.89599,-1.9702,0.65472,"forgery"
0.32924,-4.4552,4.5718,-0.9888,"genuine"
3.2303,7.8384,-3.5348,-1.2151,"genuine"
-1.3414,-2.0776,2.8093,0.60688,"forgery"
-2.1241,-6.8969,5.5992,-0.47156,"forgery"
-2.1786,-6.4479,6.0344,-0.20777,"forgery"
4.9362,7.6046,-2.3429,-0.85302,"genuine"
3.866,-2.6383,1.9242,0.10645,"genuine"
-4.8392,6.6755,-0.24278,-6.5775,"forgery"
-0.62684,-6.301,4.7843,1.106,"forgery"
4.65,-4.8297,3.4553,-0.25174,"genuine"
1.0607,2.4542,2.5188,-0.17027,"genuine"
4.2772,2.4955,0.48554,0.36119,"genuine"
0.66018,10.3878,-1.4029,-3.9151,"genuine"
-1.005,0.084831,-0.2462,0.45688,"forgery"
4.988,7.2052,-3.2846,-1.1608,"genuine"
2.8261,9.4007,-3.3034,-1.0509,"genuine"
1.5356,9.1772,-2.2718,-0.73535,"genuine"
-1.4275,11.8797,0.41613,-6.9978,"genuine"
-5.2049,7.259,0.070827,-7.3004,"forgery"
0.86736,5.5643,1.6765,-0.16769,"genuine"
3.7321,-3.884,3.3577,-0.0060486,"genuine"
-0.0068919,9.2931,-0.41243,-1.9638,"genuine"
3.0672,-4.4117,3.8238,-0.81682,"genuine"
1.5904,2.2121,-3.1183,-0.11725,"forgery"
3.6667,4.302,0.55923,0.33791,"genuine"
4.6562,7.6398,-2.4243,-1.2384,"genuine"
-3.9698,3.6812,-0.60008,-4.0133,"forgery"
3.6894,9.887,-4.0788,-4.3664,"genuine"
4.0405,0.51524,1.0279,1.106,"genuine"
-1.6988,-7.1163,5.7902,0.16723,"forgery"
5.438,9.4669,-4.9417,-3.9202,"genuine"
2.6562,10.7044,-3.3085,-4.0767,"genuine"
0.89566,7.7763,-2.7473,-1.9353,"genuine"
-2.7769,-5.6967,5.9179,0.37671,"forgery"
5.2012,0.32694,0.17965,1.1797,"genuine"
-2.7723,3.2777,-0.9351,-3.1457,"forgery"
-3.5985,-13.6593,17.6052,-2.4927,"forgery"
3.9433,2.5017,1.5215,0.903,"genuine"
1.7452,4.8028,2.0878,0.62627,"genuine"
-1.1667,-1.4237,2.9241,0.66119,"forgery"
-2.565,-5.7899,6.0122,0.046968,"forgery"
4.2406,-2.4852,1.608,0.7155,"genuine"
4.2899,9.1814,-4.6067,-4.3263,"genuine"
-0.9854,-6.661,5.8245,0.5461,"forgery"
-5.9034,6.5679,0.67661,-6.6797,"forgery"
-2.8829,3.8964,-0.1888,-1.1672,"forgery"
2.1881,2.7356,1.3278,-0.1832,"genuine"
-0.49081,2.8452,-3.6436,-3.1004,"forgery"
-3.3203,-0.02691,2.9618,-0.44958,"forgery"
-0.95923,-6.7128,4.9857,0.32886,"forgery"
-0.89569,3.0025,-3.6067,-3.4457,"forgery"
-1.3931,1.5664,7.5382,0.78403,"genuine"
-1.749,-6.332,6.0987,0.14266,"forgery"
-1.5055,0.070346,6.8681,-0.50648,"genuine"
-0.82053,0.65181,-0.48869,-0.52716,"forgery"
4.3634,0.46351,1.4281,2.0202,"genuine"
4.6014,5.6264,-2.1235,0.19309,"genuine"
-2.7419,11.4038,2.5394,-5.5793,"genuine"
-2.2804,-0.30626,1.3347,1.3763,"forgery"
-0.86339,1.9348,-2.3729,-1.0897,"forgery"
1.3264,1.0326,5.6566,-0.41337,"genuine"
1.6408,4.2503,-4.9023,-2.6621,"forgery"
3.1541,-5.1711,6.5991,0.57455,"genuine"
-1.7344,2.0175,7.7618,0.93532,"genuine"
3.0934,-2.9177,2.2232,0.22283,"genuine"
0.24835,7.6439,0.9885,-0.87371,"genuine"
-3.6227,3.9958,-0.35845,-3.9047,"forgery"
0.77805,6.6424,-1.1425,-1.0573,"genuine"
0.87603,6.8141,0.84198,-0.17156,"genuine"
5.1213,8.5565,-3.3917,-1.5474,"genuine"
1.0284,9.767,-1.3687,-1.7853,"genuine"
1.0987,0.6394,5.989,-0.58277,"genuine"
-3.506,-12.5667,15.1606,-0.75216,"forgery"
-2.1674,0.12415,-1.0465,-0.86208,"forgery"
4.616,10.1788,-4.2185,-4.4245,"genuine"
3.9771,11.1513,-3.9272,-4.3444,"genuine"
1.4479,-4.8794,8.3428,-2.1086,"genuine"
-4.7331,-6.1789,11.388,-1.0741,"forgery"
3.0329,2.2948,2.1135,0.35084,"genuine"
-1.0833,-0.31247,1.2815,0.41291,"forgery"
-3.0265,-0.062088,0.68604,-0.055186,"forgery"
0.89606,10.5471,-1.4175,-4.0327,"genuine"
2.6213,5.7919,0.065686,-1.5759,"genuine"
2.2596,-0.033118,4.7355,-0.2776,"genuine"
-3.3553,0.35591,2.6473,-0.37846,"forgery"
3.2718,1.7837,2.1161,0.61334,"genuine"
-3.8953,4.0392,-0.3019,-2.1836,"forgery"
2.9571,-4.5938,5.9068,0.57196,"genuine"
-0.40804,0.54214,-0.52725,0.6586,"forgery"
4.8451,8.1116,-2.9512,-1.4724,"genuine"
3.4092,5.4049,-2.5228,-0.89958,"genuine"
0.7049,0.17174,-1.7859,0.36119,"forgery"
0.37984,0.70975,0.75716,-0.44441,"genuine"
1.4507,8.7903,-2.2324,-0.65259,"genuine"
-0.12624,10.3216,-3.7121,-6.1185,"genuine"
3.482,-4.1634,3.5008,-0.078462,"genuine"
3.9479,-3.7723,2.883,0.019813,"genuine"
1.2572,4.8731,-5.2861,-5.8741,"forgery"
-3.9297,-6.0816,10.0958,-1.0147,"forgery"
4.1711,8.722,-3.0224,-0.59699,"genuine"
0.0096613,3.5612,-4.407,-4.4103,"forgery"
5.6272,10.0857,-4.2931,-3.8142,"genuine"
0.20216,1.9182,-3.2828,-0.61768,"forgery"
-3.2854,4.0372,-0.45356,-1.8228,"forgery"
3.106,9.5414,-4.2536,-4.003,"genuine"
3.245,6.63,-0.63435,0.86937,"genuine"
0.74067,1.7299,-3.1963,-0.1457,"forgery"
2.6799,3.1349,0.34073,0.58489,"genuine"
0.88298,0.66009,6.0096,-0.43277,"genuine"
-1.6641,-1.3678,1.997,0.52283,"forgery"
-2.7611,-10.5099,9.0239,-1.9547,"forgery"
-0.89809,-4.4862,2.2009,0.50731,"forgery"
-0.62043,0.5587,-0.38587,-0.66423,"forgery"
3.1088,3.1122,0.80857,0.4336,"genuine"
2.8521,9.171,-3.6461,-1.2047,"genuine"
2.0007,1.8644,2.6491,0.47369,"genuine"
1.0637,3.6957,-4.1594,-1.9379,"forgery"
3.0864,-2.5845,2.2309,0.30947,"genuine"
-1.2424,-1.7175,-0.52553,-0.21036,"forgery"
0.95626,2.4728,4.4578,0.21636,"genuine"
4.0047,0.45937,1.3621,1.6181,"genuine"
-3.518,2.8763,0.1548,-1.2086,"forgery"
-6.3679,8.0102,0.4247,-3.2207,"forgery"
2.565,8.633,-2.9941,-1.3082,"genuine"
-1.5572,-9.8808,8.1088,-1.0806,"forgery"
-2.62,-6.8555,6.2169,-0.62285,"forgery"
2.9499,2.2493,1.3458,-0.037083,"genuine"
-2.2918,-7.257,7.9597,0.9211,"forgery"
1.762,4.3682,2.1384,0.75429,"genuine"
-0.26654,-0.64562,-0.42014,0.89136,"forgery"
1.6349,3.286,2.8753,0.087054,"genuine"
-1.8439,-8.6475,7.6796,-0.66682,"forgery"
2.229,9.6325,-3.1123,-2.7164,"genuine"
-5.0676,-5.1877,10.4266,-0.86725,"forgery"
-0.062025,6.1975,1.099,-1.131,"genuine"
-0.64326,2.4748,-2.9452,-1.0276,"forgery"
1.581,0.86909,-2.3138,0.82412,"forgery"
-2.5463,3.1101,-0.83228,-3.0358,"forgery"
1.518,5.6946,0.094818,-0.026738,"genuine"
2.9742,8.96,-2.9024,-1.0379,"genuine"
0.12126,0.22347,-0.47327,0.97024,"forgery"
2.5331,2.9135,-0.822,-0.12243,"genuine"
3.4663,1.1112,1.7425,1.3388,"genuine"
3.8832,6.4023,-2.432,-0.98363,"genuine"
4.3365,-3.584,3.6884,0.74912,"genuine"
0.66365,-0.045533,-0.18794,0.23447,"forgery"
3.8481,10.1539,-3.8561,-4.2228,"genuine"
3.5156,10.1891,-4.2759,-4.978,"genuine"
-1.8343,-6.5907,5.6429,0.54998,"forgery"
-1.8974,3.5074,-1.7842,-3.8491,"forgery"
0.93611,8.6413,-1.6351,-1.3043,"genuine"
0.47368,3.3605,-4.5064,-4.0431,"forgery"
-2.0897,10.8265,2.3603,-3.4198,"genuine"
3.4769,-0.15314,2.53,2.4495,"genuine"
-0.13144,-1.7775,8.3316,0.35214,"genuine"
-0.55355,-7.9233,6.7156,0.74394,"forgery"
0.24394,1.4733,-1.4192,-0.58535,"forgery"
3.9922,-4.4676,3.7304,-0.1095,"genuine"
2.5068,1.1588,3.9249,0.12585,"genuine"
-1.5222,10.8409,2.7827,-4.0974,"genuine"
-3.8552,3.5219,-0.38415,-3.8608,"forgery"
-0.69572,8.6165,1.8419,-4.3289,"genuine"
5.7227,5.8312,-2.4097,-0.24527,"genuine"
0.20977,-0.46146,7.7267,0.90946,"genuine"
3.3299,0.91254,1.5806,0.39352,"genuine"
5.0452,3.8964,-1.4304,0.86291,"genuine"
0.24261,0.57318,-1.9402,0.44007,"forgery"
-1.1005,-7.2508,6.0139,0.36895,"forgery"
0.80355,2.8473,4.3439,0.6017,"genuine"
0.46901,-0.63321,7.3848,0.36507,"genuine"
1.0182,9.109,-0.62064,-1.7129,"genuine"
1.1315,7.9212,1.093,-2.8444,"genuine"
-1.3971,3.3191,-1.3927,-1.9948,"forgery"
2.2279,4.0951,-4.8037,-2.1112,"forgery"
-0.24037,-1.7837,2.135,1.2418,"forgery"
-4.0679,2.4955,0.79571,-1.1039,"forgery"
3.2692,3.4184,0.20706,-0.066824,"genuine"
3.931,1.8541,-0.023425,1.2314,"genuine"
0.63655,5.2022,-5.2159,-6.1211,"forgery"
-1.9966,-9.5001,9.682,-0.12889,"forgery"
-5.4808,8.1819,0.27818,-5.0323,"forgery"
-2.2153,11.9625,0.078538,-7.7853,"genuine"
3.9719,1.0367,0.75973,1.0013,"genuine"
4.9249,0.68906,0.77344,1.2095,"genuine"
2.8033,9.0862,-3.3668,-1.0224,"genuine"
3.9364,10.5885,-3.725,-4.3133,"genuine"
-2.5701,-6.8452,8.9999,2.1353,"forgery"
2.6606,3.1681,1.9619,0.18662,"genuine"
-3.6961,-13.6779,17.5795,-2.6181,"forgery"
-1.6029,-0.38903,1.62,1.9103,"forgery"
-1.9922,11.6542,2.6542,-5.2107,"genuine"
3.9899,-2.7066,2.3946,0.86291,"genuine"
0.049175,6.1437,1.7828,-0.72113,"genuine"
-2.3277,1.4381,-0.82114,-1.2862,"forgery"
-0.39816,5.9781,1.3912,-1.1621,"genuine"
4.7926,1.7071,-0.051701,1.4926,"genuine"
-2.3147,3.6668,-0.6969,-1.2474,"forgery"
0.50813,0.47799,-1.9804,0.57714,"forgery"
2.4196,6.4665,-0.75688,0.228,"genuine"
-2.1979,-2.1252,1.7151,0.45171,"forgery"
3.5288,0.71596,1.9507,1.9375,"genuine"
3.8117,10.1457,-4.0463,-4.5629,"genuine"
3.7522,-3.6978,3.9943,1.3051,"genuine"
1.3049,-0.15521,6.4911,-0.75346,"genuine"
2.2091,7.4556,-1.3284,-3.3021,"genuine"
-0.38388,-1.0471,8.0514,0.49567,"genuine"
2.3164,-2.628,3.1529,-0.08622,"genuine"
4.5645,-3.6275,2.8684,0.27714,"genuine"
0.84546,3.4826,-3.6307,-1.3961,"forgery"
3.4985,3.1639,0.22677,-0.1651,"genuine"
-2.258,-9.3263,9.3727,-0.85949,"forgery"
-2.4835,-7.4494,6.8964,-0.64484,"forgery"
3.1557,2.8908,0.59693,0.79825,"genuine"
2.3678,-6.839,8.4207,-0.44829,"genuine"
4.7114,2.0755,-0.2702,1.2379,"genuine"
1.0117,0.9022,-2.3506,0.42714,"forgery"
-2.0759,10.8223,2.6439,-4.837,"genuine"
4.5679,3.1929,-2.1055,0.29653,"genuine"
-1.5228,-6.4789,5.7568,0.87325,"forgery"
1.2247,8.7779,-2.2135,-0.80647,"genuine"
-2.3299,-9.9532,8.4756,-1.8733,"forgery"
5.0185,8.5978,-2.9375,-1.281,"genuine"
-1.5322,-5.0966,6.6779,0.17498,"forgery"
1.296,4.2855,-4.8457,-2.9013,"forgery"
3.8644,3.7061,0.70403,0.35214,"genuine"
-3.5895,-6.572,10.5251,-0.16381,"forgery"
-3.5801,-12.9309,13.1779,-2.5677,"forgery"
-4.9462,3.5716,0.82742,-1.4957,"forgery"
3.1452,5.825,-0.51439,-1.4944,"genuine"
0.11739,6.2761,-1.5495,-2.4746,"genuine"
1.0652,8.3682,-1.4004,-1.6509,"genuine"
2.8084,11.3045,-3.3394,-4.4194,"genuine"
0.38478,6.5989,-0.3336,-0.56466,"genuine"
-1.0116,-0.19038,-0.90597,0.003003,"forgery"
-1.5075,1.9224,7.1466,0.89136,"genuine"
-1.3389,1.552,7.0806,1.031,"genuine"
0.16358,-3.3584,1.3749,1.3569,"forgery"
-1.7064,3.3088,-2.2829,-2.1978,"forgery"
3.9772,0.33521,2.2566,2.1625,"genuine"
3.5189,6.332,-1.7791,-0.020273,"genuine"
-5.637,8.1261,0.13081,-5.0142,"forgery"
2.3729,10.4726,-3.0087,-3.2013,"genuine"
-6.651,6.7934,0.68604,-7.5887,"forgery"
-1.2576,1.5892,7.0078,0.42455,"genuine"
-3.8826,4.898,-0.92311,-5.0801,"forgery"
-2.1333,1.5685,-0.084261,-1.7453,"forgery"
3.8584,0.78425,1.1033,1.7008,"genuine"
5.3915,9.9946,-3.8081,-3.3642,"genuine"
0.2346,-4.5152,2.1195,1.4448,"forgery"
1.8373,6.1292,0.84027,0.55257,"genuine"
-1.6001,-9.5828,9.4044,0.081882,"forgery"
1.602,6.1251,0.52924,0.47886,"genuine"
-3.1875,-7.5756,11.8678,-0.57889,"forgery"
1.6799,4.2068,-4.5398,-2.3931,"forgery"
-0.27802,8.1881,-3.1338,-2.5276,"genuine"
-0.23356,3.2405,-3.0669,-2.7784,"forgery"
-2.0042,-9.3676,9.3333,-0.10303,"forgery"
-2.3142,-0.68494,1.9833,-0.44829,"forgery"
-2.2617,-4.7428,6.3489,0.11162,"forgery"
3.7635,2.7811,0.66119,0.34179,"genuine"
2.5089,6.841,-0.029423,0.44912,"genuine"
3.7731,7.2073,-1.6814,-0.94742,"genuine"
4.1425,-3.6792,3.8281,1.6297,"genuine"
-1.4427,3.2922,-1.9702,-3.4392,"forgery"
3.5251,0.7201,1.6928,0.64438,"genuine"
-0.71868,-5.7154,3.8298,1.0233,"forgery"
4.068,-2.9363,2.1992,0.50084,"genuine"
-1.7697,3.4329,-1.2144,-2.3789,"forgery"
3.7758,7.1783,-1.5195,0.40128,"genuine"
0.74428,-3.7723,1.6131,1.5754,"forgery"
1.04,-6.9321,8.2888,-1.2991,"genuine"
3.8213,0.23175,2.0133,2.0564,"genuine"
0.0040545,0.62905,-0.64121,0.75817,"forgery"
-0.8734,1.6533,-2.1964,-0.78061,"forgery"
5.7823,5.5788,-2.4089,-0.056479,"genuine"
0.88992,2.2638,-3.1046,-0.11855,"forgery"
-0.89409,3.1991,-1.8219,-2.9452,"forgery"
3.5438,1.2395,1.997,2.1547,"genuine"
4.4069,10.9072,-4.5775,-4.4271,"genuine"
2.5698,-4.4076,5.9856,0.078002,"genuine"
1.8384,6.063,0.54723,0.51248,"genuine"
2.1526,-6.1665,8.0831,-0.34355,"genuine"
-1.48,-10.5244,9.9176,-0.5026,"forgery"
-5.4414,7.2363,0.10938,-7.5642,"forgery"
4.0329,0.23175,0.89082,1.1823,"genuine"
-1.2244,1.7485,-1.4801,-1.4181,"forgery"
1.2138,8.7986,-2.1672,-0.74182,"genuine"
-1.6514,-8.4985,9.1122,1.2379,"forgery"
-5.1661,8.0433,0.044265,-4.4983,"forgery"
-2.341,12.3784,0.70403,-7.5836,"genuine"
3.3951,1.1484,2.1401,2.0862,"genuine"
-2.5373,-6.959,8.8054,1.5289,"forgery"
-0.46651,2.3383,-2.9812,-1.0431,"forgery"
0.12326,8.9848,-0.9351,-2.4332,"genuine"
0.85574,0.0082678,6.6042,-0.53104,"genuine"
-2.343,12.9516,3.3285,-5.9426,"genuine"
2.3925,9.798,-3.0361,-2.8224,"genuine"
0.21084,9.4359,-0.094543,-1.859,"genuine"
3.1896,5.7526,-0.18537,-0.30087,"genuine"
2.7744,6.8576,-1.0671,0.075416,"genuine"
-4.1479,7.1225,-0.083404,-6.4172,"forgery"
-0.28696,3.1784,-3.5767,-3.1896,"forgery"
2.8237,2.8597,0.19678,0.57196,"genuine"
-3.7503,-13.4586,17.5932,-2.7771,"forgery"
-2.1234,1.1815,-0.55552,-0.81165,"forgery"
3.6181,-3.7454,2.8273,-0.71208,"genuine"
-1.1022,-5.8395,4.5641,0.68705,"forgery"
1.7331,3.9544,-4.7412,-2.5017,"forgery"
1.4578,-0.08485,4.1785,0.59136,"genuine"
2.8672,10.0008,-3.2049,-3.1095,"genuine"
-3.1158,-8.6289,10.4403,0.97153,"forgery"
-3.0986,-10.4602,8.9717,-2.3427,"forgery"
0.75896,0.29176,-1.6506,0.83834,"forgery"
-4.3967,4.9601,-0.64892,-5.4719,"forgery"
1.2706,8.035,-0.19651,-2.1888,"genuine"
-1.3274,9.498,2.4408,-5.2689,"genuine"
1.5701,7.9129,0.29018,-2.1953,"genuine"
4.0962,10.1891,-3.9323,-4.1827,"genuine"
2.0922,-6.81,8.4636,-0.60216,"genuine"
-1.5768,10.843,2.5462,-2.9362,"genuine"
-1.6706,-2.09,1.584,0.71162,"forgery"
5.2756,0.13863,0.12138,1.1435,"genuine"
4.4549,2.4976,1.0313,0.96894,"genuine"
-2.7914,1.7734,6.7756,-0.39915,"genuine"
-2.0754,1.2767,-0.64206,-1.2642,"forgery"
2.4673,1.3926,1.7125,0.41421,"genuine"
2.3136,10.6651,-3.5288,-4.7672,"genuine"
-3.4917,-12.1736,14.3689,-0.61639,"forgery"
4.7285,2.1065,-0.28305,1.5625,"genuine"
5.591,10.4643,-4.3839,-4.3379,"genuine"
4.0446,11.1741,-4.3582,-4.7401,"genuine"
2.9856,7.2673,-0.409,-2.2431,"genuine"
-0.539,-5.167,3.4399,0.052141,"forgery"
-1.6936,2.7852,-2.1835,-1.9276,"forgery"
-1.8629,-0.84841,2.5377,0.097399,"forgery"
-3,-9.1566,9.5766,-0.73018,"forgery"
-4.3773,-5.5167,10.939,-0.4082,"forgery"
-1.2528,10.2036,2.1787,-5.6038,"genuine"
3.2414,0.40971,1.4015,1.1952,"genuine"
0.062525,2.9301,-3.5467,-2.6737,"forgery"
-4.0214,-12.8006,15.6199,-0.95647,"forgery"
3.8027,0.81529,2.1041,1.0245,"genuine"
0.01727,8.693,1.3989,-3.9668,"genuine"
2.2034,5.9947,0.53009,0.84998,"genuine"
-0.025314,-0.17383,-0.11339,1.2198,"forgery"
-0.3489,3.1929,-3.4054,-3.1832,"forgery"
1.645,7.8612,-0.87598,-3.5569,"genuine"
4.3483,11.1079,-4.0857,-4.2539,"genuine"
1.7875,4.78,-5.1362,-3.2362,"forgery"
-2.5526,-7.3625,6.9255,-0.66811,"forgery"
-0.048008,-0.56078,7.7215,0.453,"genuine"
1.1472,3.5985,1.9387,-0.43406,"genuine"
4.0422,-4.391,4.7466,1.137,"genuine"
0.52855,0.96427,4.0243,-1.0483,"genuine"
-0.55648,3.2136,-3.3085,-2.7965,"forgery"
-2.4554,-9.0407,8.862,-0.86983,"forgery"
2.2893,3.733,0.6312,-0.39786,"genuine"
-0.0012852,0.13863,-0.19651,0.0081754,"forgery"
-3.3884,-8.215,10.3315,0.98187,"forgery"
0.0031201,-4.0061,1.7956,0.91722,"forgery"
4.2756,-2.6528,2.1375,0.94437,"genuine"
0.50225,0.65388,-1.1793,0.39998,"forgery"
-0.11716,0.60422,-0.38587,-0.059065,"forgery"
-1.8219,-6.8824,5.4681,0.057313,"forgery"
-2.3361,11.9604,3.0835,-5.4435,"genuine"
-2.9662,-10.3257,8.784,-2.1138,"forgery"
4.9294,0.27727,0.20792,0.33662,"genuine"
5.0691,0.21313,0.20278,1.2095,"genuine"
6.5633,9.8187,-4.4113,-3.2258,"genuine"
3.0333,-2.5928,2.3183,0.303,"genuine"
-5.3857,9.1214,-0.41929,-5.9181,"forgery"
-0.66008,-3.226,3.8058,1.1836,"forgery"
0.39012,-0.14279,-0.031994,0.35084,"forgery"
5.6084,10.3009,-4.8003,-4.3534,"genuine"
-0.28015,3.0729,-3.3857,-2.9155,"forgery"
-0.77848,3.4019,-3.4859,-3.5569,"forgery"
-1.3612,10.694,1.7022,-2.9026,"genuine"
-2.0529,3.8385,-0.79544,-1.2138,"forgery"
0.19081,9.1297,-3.725,-5.8224,"genuine"
0.5195,-3.2633,3.0895,-0.9849,"genuine"
-2.4561,-4.5566,6.4534,-0.056479,"forgery"
-2.2501,3.3129,-0.88369,-2.8974,"forgery"
0.27451,9.2186,-3.2863,-4.8448,"genuine"
-1.9555,0.20692,1.2473,-0.3707,"forgery"
-0.023579,7.1742,0.78457,-0.75734,"genuine"
-1.3946,2.3134,-0.44499,-1.4905,"forgery"
0.6005,0.99945,-2.2126,0.097399,"forgery"
-1.0112,2.9984,-1.1664,-1.6185,"forgery"
-1.4781,0.14277,-1.1622,-0.48579,"forgery"
1.594,4.7055,1.3758,0.081882,"genuine"
-3.3793,-13.7731,17.9274,-2.0323,"forgery"
3.0632,-3.3315,5.1305,0.8267,"genuine"
-1.9116,-6.1603,5.606,0.48533,"forgery"
-1.3995,-1.9162,2.5154,0.59912,"forgery"
-3.7181,-8.5089,12.363,-0.95518,"forgery"
3.7798,-3.3109,2.6491,0.066365,"genuine"
1.162,10.2926,-1.2821,-4.0392,"genuine"
3.7831,10.0526,-3.8869,-3.7366,"genuine"
-2.4953,11.1472,1.9353,-3.4638,"genuine"
3.8417,10.0215,-4.2699,-4.9159,"genuine"
-1.7781,0.8546,7.1303,0.027572,"genuine"
1.2309,3.8923,-4.8277,-4.0069,"forgery"
2.1059,7.6046,-0.47755,-1.8461,"genuine"
-2.8267,-9.0407,9.0694,-0.98233,"forgery"
-2.4941,3.5447,-1.3721,-2.8483,"forgery"
4.5597,-2.4211,2.6413,1.6168,"genuine"
4.2458,1.1981,0.66633,0.94696,"genuine"
-2.6989,12.1984,0.67661,-8.5482,"genuine"
-2.4349,-9.2497,8.9922,-0.50001,"forgery"
2.0153,0.43661,4.5864,-0.3151,"genuine"
1.9818,9.2621,-3.521,-1.872,"genuine"
1.105,7.4432,0.41099,-3.0332,"genuine"
-4.0786,2.9239,0.87026,-0.65389,"forgery"
0.5415,6.0319,1.6825,-0.46122,"genuine"
3.2585,-4.4614,3.8024,-0.15087,"genuine"
0.38251,6.8121,1.8128,-0.61251,"genuine"
3.4591,11.112,-4.2039,-5.0931,"genuine"
0.87256,9.2931,-0.7843,-2.1978,"genuine"
3.4312,6.2637,-1.9513,-0.36165,"genuine"
-1.9409,-8.6848,9.155,0.94049,"forgery"
-1.0401,9.3987,0.85998,-5.3336,"genuine"
4.5691,-4.4552,3.1769,0.0042961,"genuine"
-7.0364,9.2931,0.16594,-4.5396,"forgery"
-4.3667,6.0692,0.57208,-5.4668,"forgery"
-1.7582,2.7397,-2.5323,-2.234,"forgery"
-1.7589,-6.4624,8.4773,0.31981,"forgery"
-2.2214,-0.23798,0.56008,0.05602,"forgery"
-3.5713,-12.4922,14.8881,-0.47027,"forgery"
-1.2568,-1.4733,2.8718,0.44653,"forgery"
1.9265,7.7557,-0.16823,-3.0771,"genuine"
-0.69745,-1.7672,-0.34474,-0.12372,"forgery"
-1.1804,11.5093,0.15565,-6.8194,"genuine"
3.2294,7.7391,-0.37816,-2.5405,"genuine"
0.64215,3.1287,4.2933,0.64696,"genuine"
-1.3887,-4.8773,6.4774,0.34179,"forgery"
-2.6685,-10.4519,9.1139,-1.7323,"forgery"
1.2616,4.4303,-1.3335,-1.7517,"genuine"
0.86202,2.6963,4.2908,0.54739,"genuine"
-1.1306,1.8458,-1.3575,-1.3806,"forgery"
1.8314,6.3672,-0.036278,0.049554,"genuine"
3.5862,-3.0957,2.8093,0.24481,"genuine"
-6.1536,7.9295,0.61663,-3.2646,"forgery"
2.6718,5.6574,0.72974,-1.4892,"genuine"
3.2351,9.647,-3.2074,-2.5948,"genuine"
4.8278,7.7598,-2.4491,-1.2216,"genuine"
2.2526,9.9636,-3.1749,-2.9944,"genuine"
3.9663,10.1684,-4.1131,-4.6056,"genuine"
-2.3629,-0.10554,1.9336,1.1358,"forgery"
-0.16735,7.6274,1.2061,-3.6241,"genuine"
-3.793,-12.7095,12.7957,-2.825,"forgery"
-2.7143,11.4535,2.1092,-3.9629,"genuine"
2.4287,9.3821,-3.2477,-1.4543,"genuine"
-2.41,3.7433,-0.40215,-1.2953,"forgery"
4.0632,3.584,0.72545,0.39481,"genuine"
-0.21661,8.0329,1.8848,-3.8853,"genuine"
-2.5919,-1.0553,3.8949,0.77757,"forgery"
-4.6338,-12.7509,16.7166,-3.2168,"forgery"
4.2164,9.4607,-4.9288,-5.2366,"genuine"
0.045304,6.7334,1.0708,-0.9332,"genuine"
3.6077,6.8576,-1.1622,0.28231,"genuine"
-6.5773,6.8017,0.85483,-7.5344,"forgery"
2.5559,3.3605,2.0321,0.26809,"genuine"
4.0552,0.40143,1.4563,0.65343,"genuine"
0.26877,4.987,-5.1508,-6.3913,"forgery"
4.0715,7.6398,-2.0824,-1.1698,"genuine"
-1.6162,0.80908,8.1628,0.60817,"genuine"
-4.1244,3.7909,-0.6532,-4.1802,"forgery"
4.223,1.1319,0.72202,0.96118,"genuine"
1.7747,-6.4334,8.15,-0.89828,"genuine"
0.83625,1.1071,-2.4706,-0.062945,"forgery"
1.1317,3.9647,3.3979,0.84351,"genuine"
4.6464,10.5326,-4.5852,-4.206,"genuine"
4.8265,0.80287,1.6371,1.1875,"genuine"
-0.29858,2.4769,-2.9512,-0.66165,"forgery"
-3.5741,3.944,-0.07912,-2.1203,"forgery"
3.6941,-3.9482,4.2625,1.1577,"genuine"
3.744,0.79459,0.95851,1.0077,"genuine"
-1.4217,11.6542,-0.057699,-7.1025,"genuine"
-0.94255,0.039307,-0.24192,0.31593,"forgery"
0.5706,-0.024841,1.2421,-0.56208,"genuine"
0.60731,3.9544,-4.772,-4.4853,"forgery"
-3.3604,-0.32696,2.1324,0.6017,"forgery"
-0.59587,2.4811,-2.8673,-0.89828,"forgery"
3.4776,8.811,-3.1886,-0.92285,"genuine"
3.2422,6.2265,0.12224,-1.4466,"genuine"
-3.7244,1.9037,-0.035421,-2.5095,"forgery"
-1.7015,-0.010356,-0.99337,-0.53104,"forgery"
-3.2778,1.8023,0.1805,-2.3931,"forgery"
3.757,-5.4236,3.8255,-1.2526,"genuine"
3.7352,9.5911,-3.9032,-3.3487,"genuine"
-1.7549,-0.080711,-0.75774,-0.3707,"forgery"
0.17346,7.8695,0.26876,-3.7883,"genuine"
-3.2305,-7.2135,11.6433,-0.94613,"forgery"
-1.2943,2.6735,-0.84085,-2.0323,"forgery"
2.9736,8.7944,-3.6359,-1.3754,"genuine"
-0.24745,1.9368,-2.4697,-0.80518,"forgery"
-1.6386,3.3584,-1.7302,-3.5646,"forgery"
-4.4779,7.3708,-0.31218,-6.7754,"forgery"
-1.4454,-8.4385,8.8483,0.96894,"forgery"
1.3518,1.0595,-2.3437,0.39998,"forgery"
3.5152,6.8224,-0.67377,-0.46898,"genuine"
-1.0292,-6.3879,5.5255,0.79955,"forgery"
-0.90784,-7.9026,6.7807,0.34179,"forgery"
3.4667,-4.0724,4.2882,1.5418,"genuine"
2.7659,0.66216,4.1494,-0.28406,"genuine"
-1.979,3.2301,-1.3575,-2.5819,"forgery"
-5.4901,9.1048,-0.38758,-5.9763,"forgery"
4.6352,-3.0087,2.6773,1.212,"genuine"
-0.70867,-5.5602,4.0483,0.903,"forgery"
3.3756,-4.0951,4.367,1.0698,"genuine"
-1.9423,0.3766,-1.2898,-0.82458,"forgery"
-1.7322,-9.2828,7.719,-1.7168,"forgery"
2.6946,6.7976,-0.40301,0.44912,"genuine"
-3.8203,-13.0551,16.9583,-2.3052,"forgery"
2.9421,7.4101,-0.97709,-0.88406,"genuine"
-2.2677,3.2964,-2.2563,-2.4642,"forgery"
-6.1632,8.7096,-0.21621,-3.6345,"forgery"
2.4527,2.9653,0.20021,-0.056479,"genuine"
1.8114,7.6067,-0.9788,-2.4668,"genuine"
0.33565,6.8369,0.69718,-0.55691,"genuine"
-4.0218,-8.304,12.555,-1.5099,"forgery"
-0.63298,-5.1277,4.5624,1.4797,"forgery"
-3.8952,3.8157,-0.31304,-3.8194,"forgery"
-3.5916,-6.2285,10.2389,-1.1543,"forgery"
-2.3221,-9.3304,9.233,-0.79871,"forgery"
3.1219,-3.137,1.9259,-0.37458,"genuine"
2.1948,1.3781,1.1582,0.85774,"genuine"
-2.4198,-0.24418,0.70146,0.41809,"forgery"
-1.8391,-9.0883,9.2416,-0.10432,"forgery"
2.4008,9.3593,-3.3565,-3.3526,"genuine"
0.40614,1.3492,-1.4501,-0.55949,"forgery"
-1.7279,-6.841,8.9494,0.68058,"forgery"
-4.1958,-8.1819,12.1291,-1.6017,"forgery"
5.7353,5.2808,-2.2598,0.075416,"genuine"
2.1752,-0.8091,5.1022,-0.67975,"genuine"
3.8905,-2.1521,2.6302,1.1047,"genuine"
0.96574,8.393,-1.361,-1.4659,"genuine"
0.0071249,8.3661,0.50781,-3.8155,"genuine"
-1.9551,-6.9756,5.5383,-0.12889,"forgery"
4.1665,-0.4449,0.23448,0.27843,"genuine"
2.1721,-0.73874,5.4672,-0.72371,"genuine"
-0.21394,-0.68287,0.096532,1.1965,"forgery"
-0.2361,9.3221,2.1307,-4.3793,"genuine"
2.994,7.2011,-1.2153,0.3211,"genuine"
1.9572,-5.1153,8.6127,-1.4297,"genuine"
-1.9389,1.5706,0.045979,-1.122,"forgery"
2.8523,9.0096,-3.761,-3.3371,"genuine"
-2.3142,2.0838,-0.46813,-1.6767,"forgery"
1.9429,6.3961,0.092248,0.58102,"genuine"
5.086,3.2798,-1.2701,1.1189,"genuine"
1.9647,6.9383,0.57722,0.66377,"genuine"
1.8967,-2.5163,2.8093,-0.79742,"genuine"
-4.211,-12.4736,14.9704,-1.3884,"forgery"
1.164,3.913,-4.5544,-3.8672,"forgery"
5.0617,-0.35799,0.44698,0.99868,"genuine"
0.53936,3.8944,-4.8166,-4.3418,"forgery"
-1.9177,11.6894,2.5454,-3.2763,"genuine"
-1.2786,-2.4087,4.5735,0.47627,"forgery"
-0.51003,-0.23591,0.020273,0.76334,"forgery"
-1.5877,-6.6072,5.8022,0.31593,"forgery"
-0.41965,2.9094,-1.7859,-2.2069,"forgery"
2.6648,10.754,-3.3994,-4.1685,"genuine"
4.6689,1.3098,0.055404,1.909,"genuine"
-0.83121,0.039307,0.05369,-0.23105,"forgery"
2.5581,2.6218,1.8513,0.40257,"genuine"
0.65497,5.1815,1.0673,-0.42113,"genuine"
0.30081,0.17381,-1.7542,0.48921,"forgery"
2.2517,-5.1422,4.2916,-1.2487,"genuine"
-1.5851,-2.1562,1.7082,0.9017,"forgery"
-2.4621,2.7645,-0.62578,-2.8573,"forgery"
3.8846,-3.0336,2.5334,0.20214,"genuine"
1.0135,8.4551,-1.672,-2.0815,"genuine"
5.1731,3.9606,-1.983,0.40774,"genuine"
0.11032,1.9741,-3.3668,-0.65259,"forgery"
3.6702,2.9942,0.85141,0.30688,"genuine"
1.7819,6.9176,-1.2744,-1.5759,"genuine"
-0.278,8.1881,-3.1338,-2.5276,"genuine"
4.052,-0.16555,0.45383,0.51248,"genuine"
5.3063,5.2684,-2.8904,-0.52716,"genuine"
2.6881,6.0195,-0.46641,-0.69268,"genuine"
2.5678,3.5136,0.61406,-0.40691,"genuine"
-3.1366,0.42212,2.6225,-0.064238,"forgery"
3.4893,6.69,-1.2042,-0.38751,"genuine"
-4.244,-13.0634,17.1116,-2.8017,"forgery"
2.0051,-6.8638,8.132,-0.2401,"genuine"
-1.366,0.18416,0.90539,1.5806,"forgery"
-0.071503,3.7412,-4.5415,-4.2526,"forgery"
0.48797,3.5674,-4.3882,-3.8116,"forgery"
4.2475,1.4816,-0.48355,0.95343,"genuine"
0.37637,-0.82358,0.78543,0.74524,"forgery"
-3.2238,2.7935,0.32274,-0.86078,"forgery"
-1.4233,-0.98912,2.3586,0.39481,"forgery"
-4.8426,-4.9932,10.4052,-0.53104,"forgery"
0.49665,5.527,1.7785,-0.47156,"genuine"
-2.2173,1.4671,-0.72689,-1.1724,"forgery"
-2.3675,-0.43663,1.692,-0.43018,"forgery"
-2.0046,-0.49457,1.333,1.6543,"forgery"
4.2134,-2.806,2.0116,0.67412,"genuine"
0.3434,0.12415,-0.28733,0.14654,"forgery"
1.3562,3.2136,4.3465,0.78662,"genuine"
0.11686,3.735,-4.4379,-4.3741,"forgery"
0.39559,6.8866,1.0588,-0.67587,"genuine"
-4.1429,2.7749,0.68261,-0.71984,"forgery"
1.5799,-4.7076,7.9186,-1.5487,"genuine"
2.9163,10.8306,-3.3437,-4.122,"genuine"
3.4465,2.9508,1.0271,0.5461,"genuine"
-1.1497,1.2954,7.701,0.62627,"genuine"
-4.1409,3.4619,-0.47841,-3.8879,"forgery"
3.0009,5.8126,-2.2306,-0.66553,"genuine"
-2.588,3.8654,-0.3336,-1.2797,"forgery"
2.031,1.852,-3.0121,0.003003,"forgery"
1.6472,0.48213,4.7449,1.225,"genuine"
-0.45062,-1.3678,7.0858,-0.40303,"genuine"
2.3952,9.5083,-3.1783,-3.0086,"genuine"
0.56232,1.0015,-2.2726,-0.0060486,"forgery"
4.2027,0.22761,0.96108,0.97282,"genuine"
0.32444,10.067,-1.1982,-4.1284,"genuine"
3.9232,-3.2467,3.4579,0.83705,"genuine"
4.5707,7.2094,-3.2794,-1.4944,"genuine"
-1.4572,9.1214,1.7425,-5.1241,"genuine"
-1.6677,-7.1535,7.8929,0.96765,"forgery"
-0.75793,2.5349,-3.0464,-1.2629,"forgery"
0.3292,-4.4552,4.5718,-0.9888,"genuine"
1.4806,7.6377,-2.7876,-1.0341,"genuine"
1.7496,-0.1759,5.1827,1.2922,"genuine"
2.5227,2.2369,2.7236,0.79438,"genuine"
0.025013,3.3998,-4.4327,-4.2655,"forgery"
-0.33729,-0.64976,7.6659,0.72326,"genuine"
-1.7101,-8.7903,7.9735,-0.45475,"forgery"
-0.30432,2.6528,-2.7756,-0.65647,"forgery"
-6.7387,6.9879,0.67833,-7.5887,"forgery"
0.74841,7.2756,1.1504,-0.5388,"genuine"
1.5673,7.9274,-0.056842,-2.1694,"genuine"
0.58836,10.7727,-1.3884,-4.3276,"genuine"
1.8216,-6.4748,8.0514,-0.41855,"genuine"
0.15423,0.11794,-1.6823,0.59524,"forgery"
1.4896,3.4288,-4.0309,-1.4259,"forgery"
-3.7573,-8.2916,10.3032,0.38059,"forgery"
0.49571,10.2243,-1.097,-4.0159,"genuine"
1.2279,4.0309,-4.6435,-3.9125,"forgery"
-0.89542,2.0279,-2.3652,-1.2746,"forgery"
-0.91718,9.9884,1.1804,-5.2263,"genuine"
-1.6637,3.2881,-2.2701,-2.2224,"forgery"
-1.1193,10.7271,2.0938,-5.6504,"genuine"
1.8664,7.7763,-0.23849,-2.9634,"genuine"
1.3419,-4.4221,8.09,-1.7349,"genuine"
1.7939,-1.1174,1.5454,-0.26079,"genuine"
4.1542,7.2756,-2.4766,-1.2099,"genuine"
0.2952,4.8856,-5.149,-6.2323,"forgery"
-2.2183,-1.254,2.9986,0.36378,"forgery"
2.805,0.57732,1.3424,1.2133,"genuine"
-1.4094,-2.1252,-0.10397,-0.19225,"forgery"
3.7767,9.7794,-3.9075,-3.5323,"genuine"
2.549,6.1499,-1.1605,-1.2371,"genuine"
-0.8471,3.1329,-3.0112,-2.9388,"forgery"
2.0193,0.82356,4.6369,1.4202,"genuine"
-6.9599,8.9931,0.2182,-4.572,"forgery"
2.0139,6.1416,0.37929,0.56938,"genuine"
0.77765,5.9781,1.1941,-0.3526,"genuine"
-1.3885,12.5026,0.69118,-7.5487,"genuine"
-2.0631,-1.5147,1.219,0.44524,"forgery"
-3.8894,-7.8322,9.8208,0.47498,"forgery"
5.681,7.795,-2.6848,-0.92544,"genuine"
-3.8073,-8.0971,10.1772,0.65084,"forgery"
4.1454,7.257,-1.9153,-0.86078,"genuine"
2.2504,3.5757,0.35273,0.2836,"genuine"
-1.2667,2.8183,-2.426,-1.8862,"forgery"
5.1321,-0.031048,0.32616,1.1151,"genuine"
2.093,8.3061,0.022844,-3.2724,"genuine"
0.18868,0.70148,-0.51182,0.0055892,"forgery"
-1.9881,0.99945,-0.28562,-0.70044,"forgery"
0.51947,-3.2633,3.0895,-0.98492,"genuine"
0.81583,4.84,-5.2613,-6.0823,"forgery"
4.2188,6.8162,-1.2804,0.76076,"genuine"
0.96414,5.616,2.2138,-0.12501,"genuine"
-1.8448,1.254,0.27218,-1.0728,"forgery"
-2.4473,12.6247,0.73573,-7.6612,"genuine"
-3.0799,0.60836,2.7039,-0.23751,"forgery"
2.8561,6.9176,-0.79372,0.48403,"genuine"
0.58982,7.4266,1.2353,-2.9595,"genuine"
2.0962,2.4769,1.9379,-0.040962,"genuine"
-0.65767,-2.8018,3.7115,0.99739,"forgery"
3.9262,6.0299,-2.0156,-0.065531,"genuine"
-0.10234,1.8189,-2.2169,-0.56725,"forgery"
1.6032,-4.7863,8.5193,-2.1203,"genuine"
2.0843,6.6258,0.48382,-2.2134,"genuine"
5.8862,5.8747,-2.8167,-0.30087,"genuine"
3.4642,10.6878,-3.4071,-4.109,"genuine"
4.1038,-4.8069,3.3491,-0.49225,"genuine"
0.25035,9.3262,-3.6873,-6.2543,"genuine"
2.3917,4.5565,-4.9888,-2.8987,"forgery"
-4.4996,3.4288,0.56265,-1.1672,"forgery"
-2.234,-7.0314,7.4936,0.61334,"forgery"
-5.1216,-5.3118,10.3846,-1.0612,"forgery"
-2.564,-1.7051,1.5026,0.32757,"forgery"
-0.3481,-0.38696,-0.47841,0.62627,"forgery"
-2.9883,0.31245,0.45041,0.068951,"forgery"
-1.8215,2.7521,-0.72261,-2.353,"forgery"
5.7456,10.1808,-4.7857,-4.3366,"genuine"
0.6212,3.6771,-4.0771,-2.0711,"forgery"
6.0919,2.9673,-1.3267,1.4551,"genuine"
-2.0285,3.8468,-0.63435,-1.175,"forgery"
1.3087,4.9228,2.0013,0.22024,"genuine"
-2.1405,-0.16762,1.321,-0.20906,"forgery"
-2.5899,-0.3911,0.93452,0.42972,"forgery"
3.946,6.8514,-1.5443,-0.5582,"genuine"
1.2198,2.0982,-3.1954,0.12843,"forgery"
1.1811,8.3847,-2.0567,-0.90345,"genuine"
-2.9915,-6.6258,8.6521,1.8198,"forgery"
-2.8619,4.5193,-0.58123,-4.2629,"forgery"
-0.98193,2.7956,-1.2341,-1.5668,"forgery"
0.54777,10.3754,-1.5435,-4.1633,"genuine"
4.0296,2.6756,0.80685,0.71679,"genuine"
-0.7056,8.7241,2.2215,-4.5965,"genuine"
3.2032,5.7588,-0.75345,-0.61251,"genuine"
-2.1668,1.5933,0.045122,-1.678,"forgery"
-1.5732,1.0636,-0.71232,-0.8388,"forgery"
-3.1273,-7.1121,11.3897,-0.083634,"forgery"
-0.69078,-0.50077,-0.35417,0.47498,"forgery"
3.8023,-3.8696,4.044,0.95343,"genuine"
3.9529,-2.3548,2.3792,0.48274,"genuine"
-4.4018,-12.9371,15.6559,-1.6806,"forgery"
1.8993,7.6625,0.15394,-3.1108,"genuine"
2.6104,8.0081,-0.23592,-1.7608,"genuine"
0.64295,7.1018,0.3493,-0.41337,"genuine"
-0.77461,-1.8768,2.4023,1.1319,"forgery"
-3.5359,0.30417,0.6569,-0.2957,"forgery"
0.4339,5.5395,2.033,-0.40432,"genuine"
1.6406,3.5488,1.3964,-0.36424,"genuine"
-0.9607,2.6963,-3.1226,-1.3121,"forgery"
-1.8782,-6.5865,4.8486,-0.021566,"forgery"
3.7818,-2.8846,2.2558,-0.15734,"genuine"
3.2051,8.6889,-2.9033,-0.7819,"genuine"
2.1616,-6.8804,8.1517,-0.081048,"genuine"
-0.36372,3.0439,-3.4816,-2.7836,"forgery"
-1.6952,1.0657,8.8294,0.94955,"genuine"
4.6765,-3.3895,3.4896,1.4771,"genuine"
4.1605,11.2196,-3.6136,-4.0819,"genuine"
-2.6649,-12.813,12.6689,-1.9082,"forgery"
